,Name,Party,State,District Number,Incumbent Status,Winner Status,Percentage of Vote,Total Amount Raised,Total Amount Spent
0,Jerry Carl ,(R),Alabama,District 01,N/a,Winner,64.9,1971321,1859349
1,James Averhart ,(D),Alabama,District 01,N/a,N/a,35.0,80095,78973
2,Barry Moore ,(R),Alabama,District 02,N/a,Winner,65.3,650807,669368
3,Phyllis Harvey-Hall ,(D),Alabama,District 02,N/a,N/a,34.6,56050,55988
4,Mike D Rogers ,(R),Alabama,District 03,Incumbent,Winner,67.5,1193111,1218564
5,Adia Winfrey ,(D),Alabama,District 03,N/a,N/a,32.4,50273,40971
6,Robert B Aderholt ,(R),Alabama,District 04,Incumbent,Winner,82.5,1255076,1323812
7,Mo Brooks ,(R),Alabama,District 05,Incumbent,Winner,95.8,655365,210045
8,Gary Palmer ,(R),Alabama,District 06,Incumbent,Winner,97.1,907219,909082
9,Terri Sewell ,(D),Alabama,District 07,Incumbent,Winner,97.2,2168165,1495957
10,Don Young ,(R),Alaska,District 01,Incumbent,Winner,54.4,1922901,1790448
11,Alyse Galvin ,(I),Alaska,District 01,N/a,N/a,45.3,5178452,5088103
12,Tom O'Halleran ,(D),Arizona,District 01,Incumbent,Winner,51.6,3381353,3324138
13,Tiffany Shedd ,(R),Arizona,District 01,N/a,N/a,48.4,1675618,1615704
14,Ann Kirkpatrick ,(D),Arizona,District 02,Incumbent,Winner,55.1,1849862,1384765
15,Brandon Martin ,(R),Arizona,District 02,N/a,N/a,44.9,374821,381067
16,Raul M Grijalva ,(D),Arizona,District 03,Incumbent,Winner,64.6,843560,655507
17,Daniel Wood ,(R),Arizona,District 03,N/a,N/a,35.4,41422,41962
18,Paul Gosar ,(R),Arizona,District 04,Incumbent,Winner,69.8,622151,729892
19,Delina DiSanto ,(D),Arizona,District 04,N/a,N/a,30.2,77168,79758
20,Andy Biggs ,(R),Arizona,District 05,Incumbent,Winner,58.9,1602181,1236380
21,Joan Greene ,(D),Arizona,District 05,N/a,N/a,41.1,356069,209789
22,David Schweikert ,(R),Arizona,District 06,Incumbent,Winner,52.2,2265329,2249979
23,Hiral Tipirneni ,(D),Arizona,District 06,N/a,N/a,47.8,6301073,6366702
24,Tom Lewellen ,(I),Arizona,District 06,N/a,N/a,0.0,11685,11000
25,Ruben Gallego ,(D),Arizona,District 07,Incumbent,Winner,76.7,1811754,1653961
26,Josh Barnett ,(R),Arizona,District 07,N/a,N/a,23.3,28093,17883
27,Debbie Lesko ,(R),Arizona,District 08,Incumbent,Winner,59.6,1605245,987453
28,Michael Muscato ,(D),Arizona,District 08,N/a,N/a,40.4,357906,347734
29,Greg Stanton ,(D),Arizona,District 09,Incumbent,Winner,61.6,2001619,1001350
30,Dave Giles ,(R),Arizona,District 09,N/a,N/a,38.4,130480,129935
31,Rick Crawford ,(R),Arkansas,District 01,Incumbent,Winner,100.0,966801,1095518
32,French Hill ,(R),Arkansas,District 02,Incumbent,Winner,55.4,3384490,3020491
33,Joyce Elliott ,(D),Arkansas,District 02,N/a,N/a,44.6,3482463,3478733
34,Steve Womack ,(R),Arkansas,District 03,Incumbent,Winner,64.3,1127158,923120
35,Celeste Williams (D) ,(D),Arkansas,District 03,N/a,N/a,31.8,355294,355294
36,Bruce Westerman ,(R),Arkansas,District 04,Incumbent,Winner,69.7,1407770,1102573
37,William Hanson ,(D),Arkansas,District 04,N/a,N/a,27.5,109767,111683
38,Doug LaMalfa ,(R),California,District 01,Incumbent,Winner,56.9,1219556,1155945
39,Audrey Denney ,(D),California,District 01,N/a,N/a,43.1,2461769,2457661
40,Jared Huffman ,(D),California,District 02,Incumbent,Winner,75.7,899419,797753
41,Dale Mensing ,(R),California,District 02,N/a,N/a,24.3,5921,2197
42,John Garamendi ,(D),California,District 03,Incumbent,Winner,54.7,1054066,667320
43,Tamika Hamilton ,(R),California,District 03,N/a,N/a,45.3,397099,384584
44,Tom McClintock ,(R),California,District 04,Incumbent,Winner,55.9,2053363,2107248
45,Brynne Kennedy ,(D),California,District 04,N/a,N/a,44.1,3006020,3002532
46,Mike Thompson ,(D),California,District 05,Incumbent,Winner,76.8,2208136,2022751
47,Doris Matsui ,(D),California,District 06,Incumbent,Winner,73.4,1019605,1073529
48,Christine Bish ,(R),California,District 06,N/a,N/a,26.6,44772,44554
49,Ami Bera ,(D),California,District 07,Incumbent,Winner,56.6,1757748,1053444
50,Buzz Patterson ,(R),California,District 07,N/a,N/a,43.4,43876,29614
51,Jay Obernolte ,(R),California,District 08,N/a,Winner,56.1,1861647,1792064
52,Chris Bubser ,(D),California,District 08,N/a,N/a,43.9,1858001,1856613
53,Jerry McNerney ,(D),California,District 09,Incumbent,Winner,57.6,1177959,1112543
54,Tony Amador ,(R),California,District 09,N/a,N/a,42.4,52175,52175
55,Josh Harder ,(D),California,District 10,Incumbent,Winner,55.2,7400135,3950613
56,Ted Howze ,(R),California,District 10,N/a,N/a,44.8,1426552,1721882
57,Mark Desaulnier ,(D),California,District 11,Incumbent,Winner,73.0,610394,440537
58,Nisha Sharma ,(R),California,District 11,N/a,N/a,27.0,174954,171870
59,Nancy Pelosi ,(D),California,District 12,Incumbent,Winner,77.6,27359508,22064953
60,Shahid Buttar ,(D),California,District 12,N/a,N/a,22.4,1672876,1650467
61,Barbara Lee ,(D),California,District 13,Incumbent,Winner,90.4,1828213,1750142
62,Nikka Piterman ,(R),California,District 13,N/a,N/a,9.6,9839,9904
63,Jackie Speier ,(D),California,District 14,Incumbent,Winner,79.3,942934,919599
64,Eric Swalwell ,(D),California,District 15,Incumbent,Winner,70.9,2807774,3977839
65,Jim Costa ,(D),California,District 16,Incumbent,Winner,59.3,2135525,1835244
66,Kevin Cookingham ,(R),California,District 16,N/a,N/a,40.7,265364,265364
67,Ro Khanna ,(D),California,District 17,Incumbent,Winner,71.3,3837982,2455457
68,Ritesh Tandon ,(R),California,District 17,N/a,N/a,28.7,175536,175015
69,Anna Eshoo ,(D),California,District 18,Incumbent,Winner,63.2,2114909,2059158
70,Rishi Kumar ,(D),California,District 18,N/a,N/a,36.8,674383,691938
71,Zoe Lofgren ,(D),California,District 19,Incumbent,Winner,71.7,1755555,1731700
72,Justin Aguilera ,(R),California,District 19,N/a,N/a,28.3,9112,11542
73,Jimmy Panetta ,(D),California,District 20,Incumbent,Winner,76.8,2009894,1592671
74,Jeff Gorman ,(R),California,District 20,N/a,N/a,23.2,67634,64947
75,TJ Cox ,(D),California,District 21,Incumbent,N/a,49.6,5695157,5694005
76,David Valadao ,(R),California,District 21,N/a,Winner,50.4,4067880,3982587
77,Devin Nunes ,(R),California,District 22,Incumbent,Winner,54.2,26825212,20156093
78,Phil Arballo ,(D),California,District 22,N/a,N/a,45.8,5091451,5062185
79,Kevin McCarthy ,(R),California,District 23,Incumbent,Winner,62.1,27780644,24265583
80,Kim Mangone ,(D),California,District 23,N/a,N/a,37.9,1671101,1665373
81,Salud Carbajal ,(D),California,District 24,Incumbent,Winner,58.7,2117836,1451622
82,Andy Caldwell ,(R),California,District 24,N/a,N/a,41.3,1298798,1268199
83,Mike Garcia ,(R),California,District 25,Incumbent,Winner,50.0,9962507,9584648
84,Christy Smith ,(D),California,District 25,N/a,N/a,50.0,5977734,5808477
85,Julia Brownley ,(D),California,District 26,Incumbent,Winner,60.6,1976695,1314677
86,Ronda Kennedy ,(R),California,District 26,N/a,N/a,39.4,246226,67208
87,Judy Chu ,(D),California,District 27,Incumbent,Winner,69.8,1213706,956298
88,Johnny Nalbandian ,(R),California,District 27,N/a,N/a,30.2,39584,39159
89,Adam Schiff ,(D),California,District 28,Incumbent,Winner,72.7,19382855,10188664
90,Eric Early ,(R),California,District 28,N/a,N/a,27.3,4085322,3790027
91,Tony Cardenas ,(D),California,District 29,Incumbent,Winner,56.6,1419697,1213588
92,Angelica Duenas ,(3),California,District 29,N/a,N/a,43.4,78083,76627
93,Brad Sherman ,(D),California,District 30,Incumbent,Winner,69.5,1513374,1111826
94,Pete Aguilar ,(D),California,District 31,Incumbent,Winner,61.3,2475748,1861434
95,Agnes Gibboney ,(R),California,District 31,N/a,N/a,38.7,138687,127907
96,Grace Napolitano ,(D),California,District 32,Incumbent,Winner,66.6,478426,251047
97,Joshua Scott ,(R),California,District 32,N/a,N/a,33.4,23624,14248
98,Ted Lieu ,(D),California,District 33,Incumbent,Winner,67.6,1661436,1582573
99,James Bradley ,(R),California,District 33,N/a,N/a,32.4,78910,79035
100,Jimmy Gomez ,(D),California,District 34,Incumbent,Winner,53.0,1401166,1268312
101,David Kim ,(D),California,District 34,N/a,N/a,47.0,193430,80381
102,Norma Torres ,(D),California,District 35,Incumbent,Winner,69.3,654727,664600
103,Mike Cargile ,(R),California,District 35,N/a,N/a,30.7,36113,35915
104,Raul Ruiz ,(D),California,District 36,Incumbent,Winner,60.3,2402624,1732443
105,Erin Cruz ,(R),California,District 36,N/a,N/a,39.7,54217,53840
106,Karen Bass ,(D),California,District 37,Incumbent,Winner,85.9,2216467,1202942
107,Errol Webber ,(R),California,District 37,N/a,N/a,14.1,66398,174076
108,Linda Sanchez ,(D),California,District 38,Incumbent,Winner,74.3,1246008,1140165
109,Gil Cisneros ,(D),California,District 39,Incumbent,N/a,49.4,4370133,4350464
110,Young Kim ,(R),California,District 39,N/a,Winner,50.6,6424556,6021651
111,Lucille Roybal-Allard ,(D),California,District 40,Incumbent,Winner,72.7,739790,741379
112,Antonio Delgado ,(R),California,District 40,N/a,N/a,27.3,85014,79270
113,Mark Takano ,(D),California,District 41,Incumbent,Winner,64.0,1020456,949494
114,Aja Smith ,(R),California,District 41,N/a,N/a,36.0,660658,659909
115,Ken Calvert ,(R),California,District 42,Incumbent,Winner,57.1,1441812,1549113
116,Liam O'Mara ,(D),California,District 42,N/a,N/a,42.9,130065,128782
117,Maxine Waters ,(D),California,District 43,Incumbent,Winner,71.7,1836660,1906957
118,Joe Collins ,(R),California,District 43,N/a,N/a,28.3,10556626,9921103
119,Nanette Barragan ,(D),California,District 44,Incumbent,Winner,67.8,1173909,714023
120,Katie Porter ,(D),California,District 45,Incumbent,Winner,53.5,16627706,6443700
121,Greg Raths ,(R),California,District 45,N/a,N/a,46.5,1245767,1241713
122,Lou Correa ,(D),California,District 46,Incumbent,Winner,68.8,1192715,650707
123,Alan Lowenthal ,(D),California,District 47,Incumbent,Winner,63.3,678648,854902
124,John Briscoe ,(R),California,District 47,N/a,N/a,36.7,25302,21538
125,Harley Rouda ,(D),California,District 48,Incumbent,N/a,48.9,5968858,6174443
126,Michelle Steel ,(R),California,District 48,N/a,Winner,51.1,6305665,6148591
127,Mike Levin ,(D),California,District 49,Incumbent,Winner,53.1,3845768,2901566
128,Brian Maryott ,(R),California,District 49,N/a,N/a,46.9,2810253,2808217
129,Darrell Issa ,(R),California,District 50,N/a,Winner,54.0,11239670,10947106
130,Ammar Campa-Najjar ,(D),California,District 50,N/a,N/a,46.0,6248210,6247762
131,Juan Vargas ,(D),California,District 51,Incumbent,Winner,68.3,799734,801671
132,Juan Hidalgo ,(R),California,District 51,N/a,N/a,31.7,83730,81182
133,Scott Peters ,(D),California,District 52,Incumbent,Winner,61.6,1911791,2131849
134,James Debello ,(R),California,District 52,N/a,N/a,38.4,233464,224630
135,Sara Jacobs ,(D),California,District 53,N/a,Winner,59.5,7678363,7586186
136,Georgette Gomez ,(D),California,District 53,N/a,N/a,40.5,1691794,1663252
137,Diana DeGette ,(D),Colorado,District 01,Incumbent,Winner,73.7,1201026,1077130
138,Joseph Neguse ,(D),Colorado,District 02,Incumbent,Winner,61.5,1353325,674602
139,Charles Winn ,(R),Colorado,District 02,N/a,N/a,35.4,98338,98338
140,Alex Johnson ,(I),Colorado,District 02,N/a,N/a,0.0,4782,4093
141,Diane Mitsch Bush ,(D),Colorado,District 03,N/a,N/a,45.2,5008274,4984238
142,Lauren Boebert ,(R),Colorado,District 03,N/a,Winner,51.4,2989510,2632716
143,Chris Milton ,(3),Colorado,District 03,N/a,N/a,1.0,12012,12012
144,Ken Buck ,(R),Colorado,District 04,Incumbent,Winner,60.1,478984,539393
145,Ike McCorkle ,(D),Colorado,District 04,N/a,N/a,36.1,369871,217398
146,Doug Lamborn ,(R),Colorado,District 05,Incumbent,Winner,57.6,540712,329011
147,Jillian Freeland ,(D),Colorado,District 05,N/a,N/a,37.4,185255,175548
148,Rebecca Keltie ,(3),Colorado,District 05,N/a,N/a,0.8,2552,1495
149,Jason Crow ,(D),Colorado,District 06,Incumbent,Winner,57.1,4136137,2892443
150,Steven House ,(R),Colorado,District 06,N/a,N/a,40.0,1200056,1198044
151,Jaimie Kulikowski ,(3),Colorado,District 06,N/a,N/a,0.9,72293,110645
152,Ed Perlmutter ,(D),Colorado,District 07,Incumbent,Winner,59.1,1632262,1339482
153,Casper Stockham ,(R),Colorado,District 07,N/a,N/a,37.6,147872,147872
154,Anthony Malgieri ,(I),Colorado,District 07,N/a,N/a,0.0,1930,1958
155,John Larson ,(D),Connecticut,District 01,Incumbent,Winner,63.7,1377238,1323690
156,Mary Fay ,(R),Connecticut,District 01,N/a,N/a,35.0,26836,25118
157,Joe Courtney ,(D),Connecticut,District 02,Incumbent,Winner,59.4,964731,999360
158,Justin Anderson ,(R),Connecticut,District 02,N/a,N/a,38.2,80227,78767
159,Rosa DeLauro ,(D),Connecticut,District 03,Incumbent,Winner,58.7,1938999,1795635
160,Margaret Streicker ,(R),Connecticut,District 03,N/a,N/a,39.8,1839080,1835385
161,Justin Paglino ,(3),Connecticut,District 03,N/a,N/a,1.5,29200,28670
162,Jim Himes ,(D),Connecticut,District 04,Incumbent,Winner,62.3,1612935,2180029
163,Jonathan Riddle ,(R),Connecticut,District 04,N/a,N/a,36.2,31591,17385
164,Jahana Hayes ,(D),Connecticut,District 05,Incumbent,Winner,55.1,2037826,1564685
165,David Sullivan ,(R),Connecticut,District 05,N/a,N/a,43.5,397395,397370
166,Lisa Blunt Rochester ,(D),Delaware,District 01,Incumbent,Winner,57.6,2024201,1305618
167,Lee Murphy ,(R),Delaware,District 01,N/a,N/a,40.2,131394,131862
168,Catherine Purcell ,(I),Delaware,District 01,N/a,N/a,1.4,5344,5103
169,Matt Gaetz ,(R),Florida,District 01,Incumbent,Winner,64.6,5946646,4482782
170,Phil Ehr ,(D),Florida,District 01,N/a,N/a,34.0,2025099,1900451
171,Bert Oram ,(I),Florida,District 01,N/a,N/a,1.4,8108,7070
172,Neal Dunn ,(R),Florida,District 02,Incumbent,Winner,98.0,653488,637580
173,Kristy Thripp ,(I),Florida,District 02,N/a,N/a,0.0,145,145
174,Kat Cammack ,(R),Florida,District 03,N/a,Winner,57.1,1122188,1090334
175,Adam Christensen ,(D),Florida,District 03,N/a,N/a,42.9,216021,219108
176,John Rutherford ,(R),Florida,District 04,Incumbent,Winner,61.1,1024912,1283701
177,Donna Deegan ,(D),Florida,District 04,N/a,N/a,38.9,1013157,1013157
178,Al Lawson ,(D),Florida,District 05,Incumbent,Winner,65.1,848498,695779
179,Gary Adler ,(R),Florida,District 05,N/a,N/a,34.9,146909,146909
180,Michael Waltz ,(R),Florida,District 06,Incumbent,Winner,60.6,2549667,1716768
181,Clint Curtis ,(D),Florida,District 06,N/a,N/a,39.4,24310,22251
182,Gerry Nolan ,(I),Florida,District 06,N/a,N/a,0.0,4467,5256
183,Stephanie Murphy ,(D),Florida,District 07,Incumbent,Winner,55.3,3124692,1798549
184,Leo Valentin ,(R),Florida,District 07,N/a,N/a,43.2,1045426,1031316
185,Bill Garlington ,(I),Florida,District 07,N/a,N/a,1.4,11000,0
186,Bill Posey ,(R),Florida,District 08,Incumbent,Winner,61.4,985268,1121834
187,James Kennedy ,(D),Florida,District 08,N/a,N/a,38.6,138568,138790
188,Darren Soto ,(D),Florida,District 09,Incumbent,Winner,56.0,1111750,945868
189,William Olson ,(R),Florida,District 09,N/a,N/a,44.0,404406,401088
190,Val Demings ,(D),Florida,District 10,Incumbent,Winner,63.6,1876047,1191020
191,Vennia Francois ,(R),Florida,District 10,N/a,N/a,36.4,335480,332852
192,Kristofer Steven Lawson ,(I),Florida,District 10,N/a,N/a,0.0,47,47
193,Daniel Webster ,(R),Florida,District 11,Incumbent,Winner,66.7,691261,586965
194,Dana Cottrell ,(D),Florida,District 11,N/a,N/a,33.3,62658,62380
195,Gus Bilirakis ,(R),Florida,District 12,Incumbent,Winner,62.9,1604137,1548634
196,Kim Walker ,(D),Florida,District 12,N/a,N/a,37.1,42802,33544
197,Charlie Crist ,(D),Florida,District 13,Incumbent,Winner,53.0,2720646,3980695
198,Anna Paulina Luna ,(R),Florida,District 13,N/a,N/a,47.0,3302944,3262236
199,Kathy Castor ,(D),Florida,District 14,Incumbent,Winner,60.3,884651,1201653
200,Christine Quinn ,(R),Florida,District 14,N/a,N/a,39.7,242144,241187
201,Alan Cohn ,(D),Florida,District 15,N/a,N/a,44.6,2333053,2300197
202,Scott Franklin ,(R),Florida,District 15,N/a,Winner,55.4,1663898,1638417
203,Vernon Buchanan ,(R),Florida,District 16,Incumbent,Winner,55.5,3094611,3100766
204,Margaret Good ,(D),Florida,District 16,N/a,N/a,44.5,3411924,3407845
205,Greg Steube ,(R),Florida,District 17,Incumbent,Winner,64.6,759908,621200
206,Allen Ellison ,(D),Florida,District 17,N/a,N/a,34.1,83481,78243
207,Brian Mast ,(R),Florida,District 18,Incumbent,Winner,56.4,6128177,5301307
208,Pam Keith ,(D),Florida,District 18,N/a,N/a,41.5,1639873,1632736
209,Byron Donalds ,(R),Florida,District 19,N/a,Winner,61.3,3219579,2738685
210,Cindy Banyai ,(D),Florida,District 19,N/a,N/a,38.7,214750,203430
211,Alcee Hastings ,(D),Florida,District 20,Incumbent,Winner,78.7,607649,543316
212,Greg Musselwhite ,(R),Florida,District 20,N/a,N/a,21.3,28955,27538
213,Lois Frankel ,(D),Florida,District 21,Incumbent,Winner,59.0,1534882,1309786
214,Laura Loomer ,(R),Florida,District 21,N/a,N/a,39.1,2271604,2240689
215,Charleston Malkemus ,(I),Florida,District 21,N/a,N/a,1.9,28928,28636
216,Ted Deutch ,(D),Florida,District 22,Incumbent,Winner,58.6,1364438,1265494
217,Jim Pruden ,(R),Florida,District 22,N/a,N/a,41.4,278416,278416
218,Debbie Wasserman Schultz ,(D),Florida,District 23,Incumbent,Winner,58.2,2191922,1979903
219,Carla Spalding ,(R),Florida,District 23,N/a,N/a,41.8,919579,903561
220,Frederica Wilson ,(D),Florida,District 24,Incumbent,Winner,75.6,412592,321019
221,Lavern Spicer ,(R),Florida,District 24,N/a,N/a,20.4,34973,34909
222,Christine Olivo ,(I),Florida,District 24,N/a,N/a,4.0,31646,32898
223,Mario Diaz-Balart ,(R),Florida,District 25,Incumbent,Winner,100.0,1590134,804054
224,Debbie Mucarsel-Powell ,(D),Florida,District 26,Incumbent,N/a,48.3,6793521,6822740
225,Carlos Gimenez ,(R),Florida,District 26,N/a,Winner,51.7,2226559,2187389
226,Donna Shalala ,(D),Florida,District 27,Incumbent,N/a,48.6,3842907,3735966
227,Maria Salazar ,(R),Florida,District 27,N/a,Winner,51.4,3654190,3645814
228,Frank Polo ,(I),Florida,District 27,N/a,N/a,0.0,4606,4662
229,Buddy Carter ,(R),Georgia,District 01,Incumbent,Winner,58.4,2315487,1734754
230,Joyce Griggs ,(D),Georgia,District 01,N/a,N/a,41.7,130043,125000
231,Sanford Bishop ,(D),Georgia,District 02,Incumbent,Winner,59.1,1540683,1440571
232,Don Cole ,(R),Georgia,District 02,N/a,N/a,40.9,164274,162522
233,Drew Ferguson ,(R),Georgia,District 03,Incumbent,Winner,65.0,2374212,2150911
234,Val Almonord ,(D),Georgia,District 03,N/a,N/a,35.0,35762,31946
235,Hank Johnson ,(D),Georgia,District 04,Incumbent,Winner,80.1,628303,490360
236,Johsira C. Cruz ,(R),Georgia,District 04,N/a,N/a,19.9,12954,23146
237,Nikema Williams ,(D),Georgia,District 05,N/a,Winner,85.2,553964,362801
238,Robert Franklin ,(D),Georgia,District 05,N/a,N/a,0.0,360473,358394
239,Angela Stanton-King ,(R),Georgia,District 05,N/a,N/a,14.9,305279,301338
240,Kwanza Hall ,(D),Georgia,District 05,N/a,N/a,0.0,239597,227091
241,Barrington Martin II ,(D),Georgia,District 05,N/a,N/a,0.0,16522,16517
242,Chase Oliver ,(L),Georgia,District 05,N/a,N/a,0.0,9225,5220
243,Steven Muhammad ,(I),Georgia,District 05,N/a,N/a,0.0,3497,-4965
244,Keisha Waites ,(D),Georgia,District 05,N/a,N/a,0.0,875,0
245,Lucy McBath ,(D),Georgia,District 06,Incumbent,Winner,54.6,8507298,8586054
246,Karen Handel ,(R),Georgia,District 06,N/a,N/a,45.4,3026243,3072932
247,Carolyn Bourdeaux ,(D),Georgia,District 07,N/a,Winner,54.4,5133244,5161230
248,Richard McCormick ,(R),Georgia,District 07,N/a,N/a,48.6,2595446,2563724
249,Austin Scott ,(R),Georgia,District 08,Incumbent,Winner,64.5,821745,716159
250,Jimmy Cooper ,(3),Georgia,District 08,N/a,N/a,0.0,8542,8528
251,Lindsay Holliday ,(D),Georgia,District 08,N/a,N/a,35.5,7480,5220
252,Andrew Clyde ,(R),Georgia,District 09,N/a,Winner,78.6,1569425,1561316
253,Devin Pandy ,(D),Georgia,District 09,N/a,N/a,21.4,84272,84623
254,Jody Hice ,(R),Georgia,District 10,Incumbent,Winner,62.3,595947,457648
255,Tabitha Johnson-Green ,(D),Georgia,District 10,N/a,N/a,37.7,14808,12214
256,Barry Loudermilk ,(R),Georgia,District 11,Incumbent,Winner,60.4,877767,700851
257,Dana Barrett ,(D),Georgia,District 11,N/a,N/a,39.6,404625,394977
258,Richard W Allen ,(R),Georgia,District 12,Incumbent,Winner,58.4,1228970,662818
259,Liz Johnson ,(D),Georgia,District 12,N/a,N/a,41.6,72061,72061
260,David Scott ,(D),Georgia,District 13,Incumbent,Winner,77.4,1209614,1131746
261,Becky Hites ,(R),Georgia,District 13,N/a,N/a,22.6,63509,62935
262,Martin Cowen ,(L),Georgia,District 13,N/a,N/a,0.0,13460,13464
263,Marjorie Taylor Greene ,(R),Georgia,District 14,N/a,Winner,74.8,2596914,2237599
264,Ed Case ,(D),Hawaii,District 01,Incumbent,N/a,64.7,508249,472569
265,Ron Curtis ,(R),Hawaii,District 01,N/a,N/a,25.1,12538,12647
266,Kai Kahele ,(D),Hawaii,District 02,N/a,Winner,57.9,1235523,1039637
267,Joe Akana ,(R),Hawaii,District 02,N/a,N/a,28.3,54534,55344
268,Jonathan Hoomanawanui ,(3),Hawaii,District 02,N/a,N/a,2.2,1883,1522
269,Russ Fulcher ,(R),Idaho,District 01,Incumbent,Winner,67.8,575485,508457
270,Rudy Soto ,(D),Idaho,District 01,N/a,N/a,28.7,302902,302902
271,Mike Simpson ,(R),Idaho,District 02,Incumbent,Winner,64.1,1008847,1099604
272,Aaron Swisher ,(D),Idaho,District 02,N/a,N/a,31.7,70674,70268
273,Bobby Rush ,(D),Illinois,District 01,Incumbent,Winner,73.8,541435,496454
274,Philanise White ,(R),Illinois,District 01,N/a,N/a,26.2,6289,5048
275,Robin Kelly ,(D),Illinois,District 02,Incumbent,Winner,78.8,1634783,1108137
276,Marie Newman ,(D),Illinois,District 03,N/a,Winner,56.4,2802093,2699323
277,Mike Fricilone ,(R),Illinois,District 03,N/a,N/a,43.6,128458,127980
278,Jesus Garcia ,(D),Illinois,District 04,Incumbent,Winner,16.0,822846,711159
279,Jesus Solorio Jr ,(R),Illinois,District 04,N/a,N/a,84.0,2065,843
280,Mike Quigley ,(D),Illinois,District 05,Incumbent,Winner,70.8,1171507,926655
281,Sean Casten ,(D),Illinois,District 06,Incumbent,Winner,52.8,5582179,5313570
282,Jeanne Ives ,(R),Illinois,District 06,N/a,N/a,45.4,3157771,3135464
283,Bill Redpath ,(L),Illinois,District 06,N/a,N/a,1.7,9837,9837
284,Danny K Davis ,(D),Illinois,District 07,Incumbent,Winner,80.4,544690,505506
285,Tracy Jennings ,(3),Illinois,District 07,N/a,N/a,6.2,65283,65283
286,Raja Krishnamoorthi ,(D),Illinois,District 08,Incumbent,Winner,73.2,6358878,2207703
287,Jan Schakowsky ,(D),Illinois,District 09,Incumbent,Winner,71.0,1834801,1514838
288,Sargis Sangari ,(R),Illinois,District 09,N/a,N/a,29.0,35364,34715
289,Brad Schneider ,(D),Illinois,District 10,Incumbent,Winner,63.8,3459512,2873333
290,Valerie Ramirez Mukherjee ,(R),Illinois,District 10,N/a,N/a,36.2,130225,64764
291,Bill Foster ,(D),Illinois,District 11,Incumbent,Winner,63.3,2381354,1823906
292,Rick Laib ,(R),Illinois,District 11,N/a,N/a,36.7,20343,20064
293,Mike Bost ,(R),Illinois,District 12,Incumbent,Winner,60.6,1918041,1509573
294,Ray Lenzi ,(D),Illinois,District 12,N/a,N/a,39.4,161324,104809
295,Rodney Davis ,(R),Illinois,District 13,Incumbent,Winner,54.4,4943459,4822600
296,Betsy Dirksen Londrigan ,(D),Illinois,District 13,N/a,N/a,45.6,5297007,5281880
297,Lauren A Underwood ,(D),Illinois,District 14,Incumbent,Winner,50.7,7803579,7301503
298,Jim Oberweis ,(R),Illinois,District 14,N/a,N/a,49.3,2438857,2348798
299,Mary Miller ,(R),Illinois,District 15,N/a,Winner,73.5,689057,570356
300,Erika Weaver ,(D),Illinois,District 15,N/a,N/a,26.5,58689,23349
301,Adam Kinzinger ,(R),Illinois,District 16,Incumbent,Winner,64.8,2105736,1588550
302,Dani Brzozowski ,(D),Illinois,District 16,N/a,N/a,35.2,459344,376167
303,Cheri Bustos ,(D),Illinois,District 17,Incumbent,Winner,52.0,4975192,6391009
304,Esther Joy King ,(R),Illinois,District 17,N/a,N/a,48.0,2032878,2030587
305,Darin LaHood ,(R),Illinois,District 18,Incumbent,Winner,70.5,3248113,1749128
306,Frank Mrvan Jr ,(D),Indiana,District 01,N/a,Winner,56.6,578635,464407
307,Mark Leyva ,(R),Indiana,District 01,N/a,N/a,40.4,16551,15343
308,Jackie Walorski ,(R),Indiana,District 02,Incumbent,Winner,61.5,2383467,1698202
309,Pat Hackett ,(D),Indiana,District 02,N/a,N/a,38.5,881888,867301
310,Jim Banks ,(R),Indiana,District 03,Incumbent,Winner,67.8,1202509,769591
311,Chip Coldiron ,(D),Indiana,District 03,N/a,N/a,32.2,94056,89883
312,Jim Baird ,(R),Indiana,District 04,Incumbent,Winner,66.6,327727,190158
313,Joe Mackey ,(D),Indiana,District 04,N/a,N/a,33.4,44585,43213
314,Christina Hale ,(D),Indiana,District 05,N/a,N/a,45.9,4010368,3998905
315,Victoria Spartz ,(R),Indiana,District 05,N/a,Winner,50.0,3119328,3010203
316,Greg Pence ,(R),Indiana,District 06,Incumbent,Winner,68.7,3114448,2804148
317,Jeannine Lee Lake ,(D),Indiana,District 06,N/a,N/a,27.7,143089,145315
318,Andre Carson ,(D),Indiana,District 07,Incumbent,Winner,62.4,1011635,873962
319,Susan Marie Smith ,(R),Indiana,District 07,N/a,N/a,37.6,62905,59843
320,Larry Bucshon ,(R),Indiana,District 08,Incumbent,Winner,66.9,1051336,1078646
321,Thomasina Marsili ,(D),Indiana,District 08,N/a,N/a,29.8,68734,68480
322,Trey Hollingsworth ,(R),Indiana,District 09,Incumbent,Winner,60.9,1166754,501136
323,Andy Ruff ,(D),Indiana,District 09,N/a,N/a,34.8,148263,134906
324,Tonya Millis ,(L),Indiana,District 09,N/a,N/a,4.3,10224,10041
325,Abby Finkenauer ,(D),Iowa,District 01,Incumbent,N/a,48.7,5901441,5875405
326,Ashley Hinson ,(R),Iowa,District 01,N/a,Winner,51.3,5175883,5059211
327,Rita Hart ,(D),Iowa,District 02,N/a,N/a,50.0,4232992,4114400
328,Mariannette Miller-Meeks ,(R),Iowa,District 02,N/a,Winner,50.0,2174194,1721926
329,Cindy Axne ,(D),Iowa,District 03,Incumbent,Winner,49.0,6236976,6236994
330,David Young ,(R),Iowa,District 03,N/a,N/a,47.6,3170072,3094582
331,J.D. Scholten ,(D),Iowa,District 04,N/a,N/a,62.1,2885915,2902003
332,Randy Feenstra ,(R),Iowa,District 04,N/a,Winner,37.9,1906234,1894288
333,Tracey Mann ,(R),Kansas,District 01,N/a,Winner,71.4,1403353,1127156
334,Kali Barnett ,(D),Kansas,District 01,N/a,N/a,28.6,603036,592924
335,Michelle De La Isla ,(D),Kansas,District 02,N/a,N/a,40.5,1825085,1810968
336,Jake Laturner ,(R),Kansas,District 02,N/a,Winner,55.3,1593407,1578460
337,Sharice Davids ,(D),Kansas,District 03,Incumbent,Winner,53.4,5638552,5168034
338,Amanda Adkins ,(R),Kansas,District 03,N/a,N/a,43.8,2182382,2139673
339,Ron Estes ,(R),Kansas,District 04,Incumbent,Winner,64.0,1993808,1420188
340,Laura Lombard ,(D),Kansas,District 04,N/a,N/a,36.0,264459,258684
341,James Comer ,(R),Kentucky,District 01,Incumbent,Winner,75.0,736116,502554
342,Brett Guthrie ,(R),Kentucky,District 02,Incumbent,Winner,71.0,1412797,1566622
343,Hank Linderman ,(D),Kentucky,District 02,N/a,N/a,26.3,93388,71122
344,Robert Lee Perry ,(L),Kentucky,District 02,N/a,N/a,2.1,12798,7825
345,John Yarmuth ,(D),Kentucky,District 03,Incumbent,Winner,62.7,658295,690226
346,Rhonda Palazzo ,(R),Kentucky,District 03,N/a,N/a,37.3,46144,45668
347,Thomas Massie ,(R),Kentucky,District 04,Incumbent,Winner,67.1,1457316,1563275
348,Alexandra Owensby ,(D),Kentucky,District 04,N/a,N/a,32.9,156174,106359
349,Hal Rogers ,(R),Kentucky,District 05,Incumbent,Winner,84.2,664168,835781
350,Andy Barr ,(R),Kentucky,District 06,Incumbent,Winner,57.3,4536264,4316239
351,Josh Hicks ,(D),Kentucky,District 06,N/a,N/a,41.0,2936320,2935615
352,Steve Scalise ,(R),Louisiana,District 01,Incumbent,Winner,72.2,37262827,32830607
353,Cedric Richmond ,(D),Louisiana,District 02,Incumbent,Winner,63.6,1628289,1302079
354,Clay Higgins ,(R),Louisiana,District 03,Incumbent,Winner,67.8,751498,720424
355,Robert Jon Anderson ,(D),Louisiana,District 03,N/a,N/a,11.6,63617,48015
356,Braylon Harris ,(D),Louisiana,District 03,N/a,N/a,17.9,23006,15130
357,Mike Johnson ,(R),Louisiana,District 04,Incumbent,Winner,60.4,1299787,1039393
358,Kenny Houston ,(D),Louisiana,District 04,N/a,N/a,25.5,33677,33407
359,Luke Letlow ,(R),Louisiana,District 05,N/a,N/a,0.0,1392822,1303757
360,Lance Harris ,(R),Louisiana,District 05,N/a,N/a,0.0,696805,687833
361,Martin Lemelle ,(D),Louisiana,District 05,N/a,N/a,0.0,173796,162747
362,Scotty Robinson ,(R),Louisiana,District 05,N/a,N/a,0.0,113903,113835
363,Candy Christophe ,(D),Louisiana,District 05,N/a,N/a,0.0,77101,131161
364,Phillip Snowden ,(D),Louisiana,District 05,N/a,N/a,0.0,29481,28077
365,Matthew Hasty ,(R),Louisiana,District 05,N/a,N/a,0.0,2654,2615
366,Garret Graves ,(R),Louisiana,District 06,Incumbent,Winner,71.1,1743015,1200287
367,Dartanyon Williams ,(D),Louisiana,District 06,N/a,N/a,25.6,111316,98114
368,Chellie Pingree ,(D),Maine,District 01,Incumbent,Winner,61.5,487080,264790
369,Jay Allen ,(R),Maine,District 01,N/a,N/a,38.5,79585,69853
370,Jared Golden ,(D),Maine,District 02,Incumbent,Winner,52.9,5272142,5233990
371,Dale Crafts ,(R),Maine,District 02,N/a,N/a,47.1,1199805,1196117
372,Andy Harris ,(R),Maryland,District 01,Incumbent,Winner,63.5,1468096,973953
373,Mia Mason ,(D),Maryland,District 01,N/a,N/a,36.3,2524,0
374,Dutch Ruppersberger ,(D),Maryland,District 02,Incumbent,Winner,67.2,1012835,927353
375,Johnny Ray Salling ,(R),Maryland,District 02,N/a,N/a,32.6,68320,66895
376,John Sarbanes ,(D),Maryland,District 03,Incumbent,Winner,69.5,573599,687299
377,Charles Anthony ,(R),Maryland,District 03,N/a,N/a,30.3,7798,6742
378,Anthony Brown ,(D),Maryland,District 04,Incumbent,Winner,79.3,1446636,846827
379,Steny H Hoyer ,(D),Maryland,District 05,Incumbent,Winner,68.5,4587189,4342255
380,Chris Palombi ,(R),Maryland,District 05,N/a,N/a,31.2,43462,42095
381,David Trone ,(D),Maryland,District 06,Incumbent,Winner,57.9,2944893,2959748
382,Neil Parrott ,(R),Maryland,District 06,N/a,N/a,40.2,315936,261259
383,Kweisi Mfume ,(D),Maryland,District 07,Incumbent,Winner,71.6,1014126,713389
384,Kimberly Klacik ,(R),Maryland,District 07,N/a,N/a,28.1,8296845,7499454
385,Amber Ivey ,(I),Maryland,District 07,N/a,N/a,0.0,41924,43394
386,Jamie Raskin ,(D),Maryland,District 08,Incumbent,Winner,67.3,2072652,1399252
387,Gregory Coll ,(R),Maryland,District 08,N/a,N/a,32.5,30876,27257
388,Richard E Neal ,(D),Massachusetts,District 01,Incumbent,Winner,96.5,4949384,5873122
389,James P McGovern ,(D),Massachusetts,District 02,Incumbent,Winner,65.3,1052549,1089412
390,Tracy Lovvorn ,(R),Massachusetts,District 02,N/a,N/a,34.6,26311,22319
391,Lori Trahan ,(D),Massachusetts,District 03,Incumbent,Winner,97.7,1449303,1232437
392,Jake Auchincloss ,(D),Massachusetts,District 04,N/a,Winner,60.8,2608686,2150904
393,Julie Hall ,(R),Massachusetts,District 04,N/a,N/a,38.9,131603,129378
394,Katherine Clark ,(D),Massachusetts,District 05,Incumbent,Winner,74.3,1788706,1514877
395,Caroline Colarusso ,(R),Massachusetts,District 05,N/a,N/a,25.6,148635,146972
396,Seth Moulton ,(D),Massachusetts,District 06,Incumbent,Winner,65.4,1289805,1802169
397,John Paul Moran ,(R),Massachusetts,District 06,N/a,N/a,34.4,300220,299104
398,Ayanna Pressley ,(D),Massachusetts,District 07,Incumbent,Winner,86.6,2163370,1748432
399,Stephen Lynch ,(D),Massachusetts,District 08,Incumbent,Winner,80.7,905614,1134662
400,Bill Keating ,(D),Massachusetts,District 09,Incumbent,Winner,61.3,708680,652448
401,Helen Brady ,(R),Massachusetts,District 09,N/a,N/a,36.3,28233,23735
402,John Bergman ,(R),Michigan,District 01,Incumbent,Winner,61.6,1868512,1733466
403,Dana Ferguson ,(D),Michigan,District 01,N/a,N/a,36.9,346213,339788
404,Bill Huizenga ,(R),Michigan,District 02,Incumbent,Winner,59.2,2175411,1883610
405,Bryan Berghoef ,(D),Michigan,District 02,N/a,N/a,38.2,751576,669864
406,Jean-Michel Creviere ,(3),Michigan,District 02,N/a,N/a,0.7,281,1207
407,Hillary Scholten ,(D),Michigan,District 03,N/a,N/a,47.0,3793132,3765942
408,Peter Meijer ,(R),Michigan,District 03,N/a,Winner,53.0,2975972,2887774
409,John Moolenaar ,(R),Michigan,District 04,Incumbent,Winner,65.0,1528612,1036160
410,Jerry Hilliard ,(D),Michigan,District 04,N/a,N/a,32.4,23117,23603
411,Dan Kildee ,(D),Michigan,District 05,Incumbent,Winner,54.5,1669951,1504094
412,Tim Kelly ,(R),Michigan,District 05,N/a,N/a,41.7,71106,71106
413,Fred Upton ,(R),Michigan,District 06,Incumbent,Winner,55.8,3616380,3464617
414,Jon Hoadley ,(D),Michigan,District 06,N/a,N/a,40.1,3116491,3098366
415,Tim Walberg ,(R),Michigan,District 07,Incumbent,Winner,58.8,2301635,1586358
416,Gretchen Driskell ,(D),Michigan,District 07,N/a,N/a,41.3,1712840,1712840
417,Elissa Slotkin ,(D),Michigan,District 08,Incumbent,Winner,50.9,8967420,7419974
418,Paul Junge ,(R),Michigan,District 08,N/a,N/a,47.3,2107608,2097131
419,Andy Levin ,(D),Michigan,District 09,Incumbent,Winner,57.8,1316607,907237
420,Lisa McClain ,(R),Michigan,District 10,N/a,Winner,66.3,2266287,2137031
421,Kimberly Bizon ,(D),Michigan,District 10,N/a,N/a,33.7,41438,41246
422,Haley Stevens ,(D),Michigan,District 11,Incumbent,Winner,50.2,5776924,5707448
423,Eric Esshaki ,(R),Michigan,District 11,N/a,N/a,47.8,1298612,1291509
424,Debbie Dingell ,(D),Michigan,District 12,Incumbent,Winner,66.4,1630498,1689582
425,Jeff Jones ,(R),Michigan,District 12,N/a,N/a,30.7,10616,9657
426,Rashida Tlaib ,(D),Michigan,District 13,Incumbent,Winner,77.9,4014411,3690334
427,Donald Eason ,(I),Michigan,District 13,N/a,N/a,0.0,34156,34156
428,Brenda Lawrence ,(D),Michigan,District 14,Incumbent,Winner,78.9,1084662,789570
429,Vance Patrick ,(R),Michigan,District 14,N/a,N/a,18.7,39670,41973
430,Jim Hagedorn ,(R),Minnesota,District 01,Incumbent,Winner,48.6,2386033,2305994
431,Daniel Feehan ,(D),Minnesota,District 01,N/a,N/a,45.5,4861651,4863835
432,Angie Craig ,(D),Minnesota,District 02,Incumbent,Winner,48.2,5380101,4435492
433,Tyler Kistner ,(R),Minnesota,District 02,N/a,N/a,45.9,2990054,2956042
434,Dean Phillips ,(D),Minnesota,District 03,Incumbent,Winner,55.6,2328616,2152031
435,Kendall Qualls ,(R),Minnesota,District 03,N/a,N/a,44.3,1863927,1751214
436,Gary Heyer ,(I),Minnesota,District 03,N/a,N/a,0.0,827,827
437,Betty McCollum ,(D),Minnesota,District 04,Incumbent,Winner,63.2,1171748,994072
438,Gene Rechtzigel ,(R),Minnesota,District 04,N/a,N/a,29.0,20075,20075
439,Ilhan Omar ,(D),Minnesota,District 05,Incumbent,Winner,64.3,5718517,5605576
440,Lacy Johnson ,(R),Minnesota,District 05,N/a,N/a,25.8,12050564,12000896
441,Chris Kelley ,(3),Minnesota,District 05,N/a,N/a,0.0,249583,249583
442,Ervan Katari Miller ,(I),Minnesota,District 05,N/a,N/a,0.0,255,187
443,Tom Emmer ,(R),Minnesota,District 06,Incumbent,Winner,65.5,2804265,2537612
444,Tawnja Zahradka ,(D),Minnesota,District 06,N/a,N/a,34.3,49242,49214
445,Collin Peterson ,(D),Minnesota,District 07,Incumbent,N/a,39.9,2714012,2867577
446,Michelle Fischbach ,(R),Minnesota,District 07,N/a,Winner,53.4,2618450,2580501
447,Pete Stauber ,(R),Minnesota,District 08,Incumbent,Winner,56.7,2593190,2608759
448,Quinn Nystrom ,(D),Minnesota,District 08,N/a,N/a,37.6,1530606,1527005
449,Trent Kelly ,(R),Mississippi,District 01,Incumbent,Winner,68.7,876882,826673
450,Antonia Eliason ,(D),Mississippi,District 01,N/a,N/a,31.3,22281,18174
451,Bennie G Thompson ,(D),Mississippi,District 02,Incumbent,Winner,66.0,1377392,1096904
452,Michael Guest ,(R),Mississippi,District 03,Incumbent,Winner,64.7,766807,518162
453,Steven Palazzo ,(R),Mississippi,District 04,Incumbent,Winner,100.0,817129,747217
454,Cori Bush ,(D),Missouri,District 01,N/a,Winner,78.8,1418014,1333512
455,Ann Wagner ,(R),Missouri,District 02,Incumbent,Winner,52.0,5598287,6513101
456,Jill Schupp ,(D),Missouri,District 02,N/a,N/a,45.4,4850948,4830434
457,Blaine Luetkemeyer ,(R),Missouri,District 03,Incumbent,Winner,69.4,2022905,2081391
458,Vicky Hartzler ,(R),Missouri,District 04,Incumbent,Winner,67.6,1700978,1335607
459,Lindsey Simmons ,(D),Missouri,District 04,N/a,N/a,29.7,395934,384622
460,Emanuel Cleaver ,(D),Missouri,District 05,Incumbent,Winner,58.5,1393847,928061
461,Ryan Derks ,(R),Missouri,District 05,N/a,N/a,38.7,76488,76488
462,Sam Graves ,(R),Missouri,District 06,Incumbent,Winner,67.1,1959516,1654756
463,Gena Ross ,(D),Missouri,District 06,N/a,N/a,30.8,10170,10530
464,Billy Long ,(R),Missouri,District 07,Incumbent,Winner,68.7,1320420,1518234
465,Audrey Richards ,(I),Missouri,District 07,N/a,N/a,0.0,7985,8113
466,Jason Smith ,(R),Missouri,District 08,Incumbent,Winner,76.9,1900227,1514786
467,Kathryn Ellis ,(D),Missouri,District 08,N/a,N/a,21.4,302428,305387
468,Kathleen Williams ,(D),Montana,District 01,N/a,N/a,43.6,6201758,6232286
469,Matt Rosendale ,(R),Montana,District 01,N/a,Winner,56.4,3674706,3488045
470,Jeff Fortenberry ,(R),Nebraska,District 01,Incumbent,Winner,59.5,1472816,2458330
471,Kate Bolz ,(D),Nebraska,District 01,N/a,N/a,37.7,1143509,1140371
472,Don Bacon ,(R),Nebraska,District 02,Incumbent,Winner,50.6,3749272,3713961
473,Kara Eastman ,(D),Nebraska,District 02,N/a,N/a,46.3,4414390,4468006
474,Adrian Smith ,(R),Nebraska,District 03,Incumbent,Winner,78.5,1506473,1148409
475,Mark Elworth Jr ,(D),Nebraska,District 03,N/a,N/a,17.7,255,0
476,Dina Titus ,(D),Nevada,District 01,Incumbent,Winner,61.8,706193,587919
477,Mark Amodei ,(R),Nevada,District 02,Incumbent,Winner,56.5,1048056,1016673
478,Patricia Ackerman ,(D),Nevada,District 02,N/a,N/a,40.7,449363,449449
479,Susie Lee ,(D),Nevada,District 03,Incumbent,Winner,48.8,4748019,4732009
480,Dan Rodimer ,(R),Nevada,District 03,N/a,N/a,45.8,2936059,2915216
481,Steven Horsford ,(D),Nevada,District 04,Incumbent,Winner,50.7,3492372,3024427
482,Jim Marchant ,(R),Nevada,District 04,N/a,N/a,45.8,1462772,1419405
483,Jonathan Royce Esteban ,(L),Nevada,District 04,N/a,N/a,2.4,2788,1603
484,Chris Pappas ,(D),New Hampshire,District 01,Incumbent,Winner,51.3,3205731,3105663
485,Matt Mowers ,(R),New Hampshire,District 01,N/a,N/a,46.2,1707214,1698761
486,Ann Kuster ,(D),New Hampshire,District 02,Incumbent,Winner,53.9,2960033,2970274
487,Steve Negron ,(R),New Hampshire,District 02,N/a,N/a,43.7,368177,378959
488,Don Norcross ,(D),New Jersey,District 01,Incumbent,Winner,62.5,2221989,1087264
489,Claire Gustafson ,(R),New Jersey,District 01,N/a,N/a,37.5,36520,21761
490,Jeff Van Drew ,(R),New Jersey,District 02,Incumbent,Winner,51.9,4229171,4041493
491,Amy Kennedy ,(D),New Jersey,District 02,N/a,N/a,46.2,4984376,4978913
492,Andy Kim ,(D),New Jersey,District 03,Incumbent,Winner,53.2,7241283,6753262
493,David Richter ,(R),New Jersey,District 03,N/a,N/a,45.5,1473669,1470648
494,Chris Smith ,(R),New Jersey,District 04,Incumbent,Winner,59.9,1383085,1284522
495,Stephanie Schmid ,(D),New Jersey,District 04,N/a,N/a,38.3,699580,658011
496,Josh Gottheimer ,(D),New Jersey,District 05,Incumbent,Winner,53.2,7694027,3487964
497,Frank Pallotta ,(R),New Jersey,District 05,N/a,N/a,45.6,1972033,1948705
498,Louis A. Vellucci ,(I),New Jersey,District 05,N/a,N/a,1.2,5456,5342
499,Frank Pallone Jr. ,(D),New Jersey,District 06,Incumbent,Winner,61.2,3231755,2021737
500,Tom Malinowski ,(D),New Jersey,District 07,Incumbent,Winner,50.6,7414403,7423758
501,Tom Kean ,(R),New Jersey,District 07,N/a,N/a,49.4,3869121,3775442
502,Albio Sires ,(D),New Jersey,District 08,Incumbent,Winner,74.0,605810,551325
503,Bill Pascrell Jr. ,(D),New Jersey,District 09,Incumbent,Winner,65.8,1560550,1795410
504,Billy Prempeh ,(R),New Jersey,District 09,N/a,N/a,31.9,44269,35075
505,Donald M Payne Jr. ,(D),New Jersey,District 10,Incumbent,Winner,83.3,593735,457252
506,Mikie Sherrill ,(D),New Jersey,District 11,Incumbent,Winner,53.3,6419707,3733106
507,Rosemary Becchi ,(R),New Jersey,District 11,N/a,N/a,46.7,1687532,1686236
508,Bonnie Watson Coleman ,(D),New Jersey,District 12,Incumbent,Winner,65.6,798439,840651
509,Mark Razzoli ,(R),New Jersey,District 12,N/a,N/a,32.6,3065,1142
510,Debra Haaland ,(D),New Mexico,District 01,Incumbent,Winner,58.1,2246734,1875766
511,Michelle Garcia Holmes ,(R),New Mexico,District 01,N/a,N/a,41.9,257294,245590
512,Xochitl Torres Small ,(D),New Mexico,District 02,Incumbent,N/a,46.3,8387337,8539065
513,Yvette Herrell ,(R),New Mexico,District 02,N/a,Winner,53.7,2805711,2921785
514,Steve Jones ,(I),New Mexico,District 02,N/a,N/a,0.0,9405,9505
515,Teresa Leger Fernandez ,(D),New Mexico,District 03,N/a,Winner,58.7,2296594,2132010
516,Alexis Johnson ,(R),New Mexico,District 03,N/a,N/a,41.3,147303,147303
517,Lee Zeldin ,(R),New York,District 01,Incumbent,Winner,55.9,8396981,8250116
518,Nancy Goroff ,(D),New York,District 01,N/a,N/a,44.1,7866239,7860977
519,Jackie Gordon ,(D),New York,District 02,N/a,N/a,46.0,4351881,4334484
520,Andrew Garbarino ,(R),New York,District 02,N/a,Winner,52.9,1743986,1612132
521,Harry Burger ,(3),New York,District 02,N/a,N/a,1.0,2430,594
522,Tom Suozzi ,(D),New York,District 03,Incumbent,Winner,53.2,2941006,2331302
523,George Devolder-Santos ,(R),New York,District 03,N/a,N/a,46.2,658883,591239
524,Joshua Sauberman ,(I),New York,District 03,N/a,N/a,0.0,127,270
525,Kathleen Rice ,(D),New York,District 04,Incumbent,Winner,52.0,1106258,1210410
526,Douglas Tuman ,(R),New York,District 04,N/a,N/a,47.3,134937,130995
527,Ed Dennehy ,(I),New York,District 04,N/a,N/a,0.0,9031,9031
528,Gregory Meeks ,(D),New York,District 05,Incumbent,Winner,99.0,2097572,1467454
529,Amit Lal ,(I),New York,District 05,N/a,N/a,0.0,126,0
530,Grace Meng ,(D),New York,District 06,Incumbent,Winner,62.6,1292084,1872311
531,Thomas Zmich ,(R),New York,District 06,N/a,N/a,37.4,133403,131278
532,Nydia Velazquez ,(D),New York,District 07,Incumbent,Winner,83.0,803217,676248
533,Hakeem Jeffries ,(D),New York,District 08,Incumbent,Winner,82.5,4168717,3293077
534,Yvette Clarke ,(D),New York,District 09,Incumbent,Winner,81.5,1200067,1190143
535,Jerrold Nadler ,(D),New York,District 10,Incumbent,Winner,68.5,1848688,1950774
536,Cathy Bernstein ,(R),New York,District 10,N/a,N/a,30.1,49975,28384
537,Jeanne Nigro ,(I),New York,District 10,N/a,N/a,0.0,34548,28039
538,Michael Madrid ,(L),New York,District 10,N/a,N/a,1.2,14326,12149
539,Max Rose ,(D),New York,District 11,Incumbent,N/a,42.0,9284434,9499242
540,Nicole Malliotakis ,(R),New York,District 11,N/a,Winner,57.8,3469995,3447052
541,Kemi Akindude ,(I),New York,District 11,N/a,N/a,0.0,21261,14697
542,Carolyn Maloney ,(D),New York,District 12,Incumbent,Winner,78.9,3067173,3059202
543,Adriano Espaillat ,(D),New York,District 13,Incumbent,Winner,86.0,1087237,1252740
544,Lovelynn Gwinn ,(R),New York,District 13,N/a,N/a,8.0,39384,39384
545,Alexandria Ocasio-Cortez ,(D),New York,District 14,Incumbent,Winner,68.7,20664795,16735422
546,John C. Cummings ,(R),New York,District 14,N/a,N/a,30.5,11140937,10947758
547,Ritchie Torres ,(D),New York,District 15,N/a,Winner,88.2,2194025,1804336
548,Jamaal Bowman ,(D),New York,District 16,N/a,Winner,82.9,2878898,2801424
549,Mondaire Jones ,(D),New York,District 17,N/a,Winner,54.1,2984052,2186463
550,Maureen McArdle Schulman ,(R),New York,District 17,N/a,N/a,39.8,54732,60084
551,Michael Parietti ,(3),New York,District 17,N/a,N/a,0.9,44787,19670
552,Sean Patrick Maloney ,(D),New York,District 18,Incumbent,Winner,51.8,2556294,1718525
553,Chele Farley ,(R),New York,District 18,N/a,N/a,47.3,1186211,1152124
554,Scott Smith ,(I),New York,District 18,N/a,N/a,0.9,8718,8403
555,Antonio Delgado ,(D),New York,District 19,Incumbent,Winner,51.5,5949475,2963286
556,Kyle Van De Water ,(R),New York,District 19,N/a,N/a,45.9,153796,120097
557,Paul Tonko ,(D),New York,District 20,Incumbent,Winner,56.5,1541984,1418994
558,Elizabeth Joy ,(R),New York,District 20,N/a,N/a,43.4,370852,336845
559,Elise Stefanik ,(R),New York,District 21,Incumbent,Winner,64.4,13287248,11655936
560,Tedra Cobb ,(D),New York,District 21,N/a,N/a,35.6,5586793,5593266
561,Anthony Brindisi ,(D),New York,District 22,Incumbent,N/a,0.0,6020190,5772429
562,Claudia Tenney ,(R),New York,District 22,N/a,N/a,0.0,3051777,2725893
563,Tom Reed ,(R),New York,District 23,Incumbent,Winner,57.7,3275177,3145027
564,Tracy Mitrano ,(D),New York,District 23,N/a,N/a,41.4,1450322,1466128
565,John Katko ,(R),New York,District 24,Incumbent,Winner,53.1,3821107,3597234
566,Dana Balter ,(D),New York,District 24,N/a,N/a,43.0,3212469,3230808
567,Joseph D Morelle ,(D),New York,District 25,Incumbent,Winner,59.3,1375366,1274426
568,George Mitris ,(R),New York,District 25,N/a,N/a,39.1,301376,279047
569,Kevin Wilson ,(L),New York,District 25,N/a,N/a,1.5,5128,3417
570,Brian Higgins ,(D),New York,District 26,Incumbent,Winner,69.8,1124168,984106
571,Chris Jacobs ,(R),New York,District 27,Incumbent,Winner,59.7,2147101,2084271
572,Nate McMurray ,(D),New York,District 27,N/a,N/a,39.0,1150058,1097111
573,Duane Whitmer ,(L),New York,District 27,N/a,N/a,1.3,36056,36056
574,G K Butterfield ,(D),North Carolina,District 01,Incumbent,Winner,54.2,1032869,880420
575,Sandy Smith ,(R),North Carolina,District 01,N/a,N/a,45.8,1458375,1437805
576,Deborah Ross ,(D),North Carolina,District 02,N/a,Winner,63.0,2268381,1816923
577,Alan Swain ,(R),North Carolina,District 02,N/a,N/a,34.8,119664,119435
578,Japheth Matemu ,(L),North Carolina,District 02,N/a,N/a,2.2,625,54
579,Greg Murphy ,(R),North Carolina,District 03,Incumbent,Winner,63.4,1767790,1505559
580,David Price ,(D),North Carolina,District 04,Incumbent,Winner,67.3,1161738,1014872
581,Virginia Foxx ,(R),North Carolina,District 05,Incumbent,Winner,66.9,1858388,1944629
582,David Wilson Brown ,(D),North Carolina,District 05,N/a,N/a,31.1,61596,60668
583,Kathy Manning ,(D),North Carolina,District 06,N/a,Winner,62.3,2002284,1695596
584,Lee Haywood ,(R),North Carolina,District 06,N/a,N/a,37.7,73878,58342
585,Jennyfer Bucardo ,(I),North Carolina,District 06,N/a,N/a,0.0,750,759
586,David Rouzer ,(R),North Carolina,District 07,Incumbent,Winner,60.3,1628458,1038883
587,Christopher Ward ,(D),North Carolina,District 07,N/a,N/a,39.6,16260,4119
588,Richard Hudson ,(R),North Carolina,District 08,Incumbent,Winner,53.3,4135872,4359009
589,Patricia Timmons-Goodson ,(D),North Carolina,District 08,N/a,N/a,46.7,3855743,3852668
590,Dan Bishop ,(R),North Carolina,District 09,Incumbent,Winner,55.6,4090260,4029864
591,Cynthia Wallace ,(D),North Carolina,District 09,N/a,N/a,44.4,811609,794300
592,Patrick McHenry ,(R),North Carolina,District 10,Incumbent,Winner,68.9,2780234,2339363
593,David Parker ,(D),North Carolina,District 10,N/a,N/a,31.1,30555,30555
594,Madison Cawthorn ,(R),North Carolina,District 11,N/a,Winner,54.5,4478970,4366783
595,Moe Davis ,(D),North Carolina,District 11,N/a,N/a,42.3,2251413,2148121
596,Alma Adams ,(D),North Carolina,District 12,Incumbent,Winner,100.0,824124,651883
597,Bill Brewster ,(R),North Carolina,District 12,N/a,N/a,0.0,21950,16763
598,Ted Budd ,(R),North Carolina,District 13,Incumbent,Winner,68.2,2294174,1293414
599,Scott Huffman ,(D),North Carolina,District 13,N/a,N/a,31.8,193334,189967
600,Kelly Armstrong ,(R),North Dakota,District 01,Incumbent,Winner,69.0,1269346,1080105
601,Zach Raknerud ,(D),North Dakota,District 01,N/a,N/a,27.6,28047,26029
602,Steve Chabot ,(R),Ohio,District 01,Incumbent,Winner,51.8,3177647,2861464
603,Kate Schroder ,(D),Ohio,District 01,N/a,N/a,44.7,4040303,4039798
604,Kevin Kahn ,(L),Ohio,District 01,N/a,N/a,3.6,12085,8398
605,Brad Wenstrup ,(R),Ohio,District 02,Incumbent,Winner,61.1,1794354,1757078
606,Jaime Castle ,(D),Ohio,District 02,N/a,N/a,38.9,284197,271471
607,Joyce Beatty ,(D),Ohio,District 03,Incumbent,Winner,70.8,2237887,2540687
608,Nicholas Moss ,(I),Ohio,District 03,N/a,N/a,0.0,1258,1248
609,Jim Jordan ,(R),Ohio,District 04,Incumbent,Winner,67.9,18313823,12945651
610,Chris Gibbs ,(I),Ohio,District 04,N/a,N/a,0.0,65807,65807
611,Bob Latta ,(R),Ohio,District 05,Incumbent,Winner,68.0,1580952,1477090
612,Nick Rubando ,(D),Ohio,District 05,N/a,N/a,32.0,249319,247423
613,Bill Johnson ,(R),Ohio,District 06,Incumbent,Winner,74.4,1866123,1853361
614,Shawna Roberts ,(D),Ohio,District 06,N/a,N/a,25.6,262,574
615,Bob Gibbs ,(R),Ohio,District 07,Incumbent,Winner,67.5,791888,453928
616,Quentin Potter ,(D),Ohio,District 07,N/a,N/a,29.2,12976,12976
617,Brandon Lape ,(L),Ohio,District 07,N/a,N/a,3.3,3348,2713
618,Warren Davidson ,(R),Ohio,District 08,Incumbent,Winner,69.0,1016740,841533
619,Vanessa Enoch ,(D),Ohio,District 08,N/a,N/a,31.0,40270,37546
620,Marcy Kaptur ,(D),Ohio,District 09,Incumbent,Winner,63.1,1090395,979798
621,Rob Weber ,(R),Ohio,District 09,N/a,N/a,36.9,134898,123262
622,Michael R Turner ,(R),Ohio,District 10,Incumbent,Winner,58.4,1752255,1736283
623,Desiree Tims ,(D),Ohio,District 10,N/a,N/a,41.6,2040760,2024010
624,Marcia Fudge ,(D),Ohio,District 11,Incumbent,Winner,80.1,755787,499820
625,Laverne Gore ,(R),Ohio,District 11,N/a,N/a,20.0,157044,156827
626,Troy Balderson ,(R),Ohio,District 12,Incumbent,Winner,55.2,2016826,1995665
627,Alaina Shearer ,(D),Ohio,District 12,N/a,N/a,41.8,1033711,1025410
628,John Stewart ,(L),Ohio,District 12,N/a,N/a,3.0,75170,66382
629,Tim Ryan ,(D),Ohio,District 13,Incumbent,Winner,52.5,1972446,2071454
630,Christina Hagan ,(R),Ohio,District 13,N/a,N/a,44.9,861723,820660
631,David P Joyce ,(R),Ohio,District 14,Incumbent,Winner,60.1,2917696,2501449
632,Hillary O'Connor Mueri ,(D),Ohio,District 14,N/a,N/a,39.9,579877,574646
633,Steve Stivers ,(R),Ohio,District 15,Incumbent,Winner,63.4,3004799,2293101
634,Joel Newby ,(D),Ohio,District 15,N/a,N/a,36.6,55797,55797
635,Anthony Gonzalez ,(R),Ohio,District 16,Incumbent,Winner,63.2,2338195,1839807
636,Aaron Godfrey ,(D),Ohio,District 16,N/a,N/a,36.8,60294,60430
637,Kevin Hern ,(R),Oklahoma,District 01,Incumbent,Winner,63.7,1094104,830366
638,Kojo Asamoa-Caesar ,(D),Oklahoma,District 01,N/a,N/a,32.7,157355,173928
639,Markwayne Mullin ,(R),Oklahoma,District 02,Incumbent,Winner,75.0,1660206,1077939
640,Danyell Lanier ,(D),Oklahoma,District 02,N/a,N/a,22.0,41730,41722
641,Frank D Lucas ,(R),Oklahoma,District 03,Incumbent,Winner,78.5,872749,1036145
642,Tom Cole ,(R),Oklahoma,District 04,Incumbent,Winner,67.8,1812530,1753697
643,Mary Brannon ,(D),Oklahoma,District 04,N/a,N/a,28.8,-2084,1599
644,Kendra Horn ,(D),Oklahoma,District 05,Incumbent,N/a,47.9,5949800,5946195
645,Stephanie Bice ,(R),Oklahoma,District 05,N/a,Winner,52.1,3720520,3508929
646,Suzanne Bonamici ,(D),Oregon,District 01,Incumbent,Winner,64.6,959223,864627
647,Chris Christensen ,(R),Oregon,District 01,N/a,N/a,35.2,144,672
648,Cliff Bentz ,(R),Oregon,District 02,N/a,Winner,60.0,1450780,1361727
649,Alex Spenser ,(D),Oregon,District 02,N/a,N/a,36.9,20640,5089
650,Earl Blumenauer ,(D),Oregon,District 03,Incumbent,Winner,73.0,1813365,1948453
651,Joanna Harbour ,(R),Oregon,District 03,N/a,N/a,23.5,17681,14502
652,Peter DeFazio ,(D),Oregon,District 04,Incumbent,Winner,51.6,5182843,5781074
653,Alek Skarlatos ,(R),Oregon,District 04,N/a,N/a,46.2,5454621,5331264
654,Kurt Schrader ,(D),Oregon,District 05,Incumbent,Winner,51.9,2018692,1922073
655,Amy Ryan Courser ,(R),Oregon,District 05,N/a,N/a,45.2,231624,221041
656,Brian Fitzpatrick ,(R),Pennsylvania,District 01,Incumbent,Winner,58.7,4203825,4272135
657,Christina Finello ,(D),Pennsylvania,District 01,N/a,N/a,41.3,2336814,2329748
658,Brendan Boyle ,(D),Pennsylvania,District 02,Incumbent,Winner,65.1,1556650,756317
659,Dwight Evans ,(D),Pennsylvania,District 03,Incumbent,Winner,87.5,942386,781265
660,Madeleine Dean ,(D),Pennsylvania,District 04,Incumbent,Winner,56.0,1435995,1005928
661,Kathy Barnette ,(R),Pennsylvania,District 04,N/a,N/a,44.0,1000389,884640
662,Joe Tarshish ,(I),Pennsylvania,District 04,N/a,N/a,0.0,24038,23738
663,Mary Gay Scanlon ,(D),Pennsylvania,District 05,Incumbent,Winner,60.3,1455042,1350276
664,Dasha Pruett ,(R),Pennsylvania,District 05,N/a,N/a,39.7,105146,82437
665,Chrissy Houlahan ,(D),Pennsylvania,District 06,Incumbent,Winner,54.7,3484484,1327283
666,John Emmons ,(R),Pennsylvania,District 06,N/a,N/a,45.3,608859,601390
667,John McHugh ,(I),Pennsylvania,District 06,N/a,N/a,0.0,6165,4410
668,Susan Wild ,(D),Pennsylvania,District 07,Incumbent,Winner,51.7,4581056,4528267
669,Matt Cartwright ,(D),Pennsylvania,District 08,Incumbent,Winner,51.7,3885136,4144070
670,Jim Bognet ,(R),Pennsylvania,District 08,N/a,N/a,48.3,1519527,1386040
671,Dan Meuser ,(R),Pennsylvania,District 09,Incumbent,Winner,68.2,1071961,944010
672,Gary Wegman ,(D),Pennsylvania,District 09,N/a,N/a,31.8,188787,187348
673,Scott Perry ,(R),Pennsylvania,District 10,Incumbent,N/a,53.4,3956481,3839197
674,Eugene DePasquale ,(D),Pennsylvania,District 10,N/a,N/a,46.6,4534580,4526684
675,Lloyd Smucker ,(R),Pennsylvania,District 11,Incumbent,Winner,69.2,1349318,662704
676,Sarah Hammond ,(D),Pennsylvania,District 11,N/a,N/a,30.8,28733,23458
677,Fred Keller ,(R),Pennsylvania,District 12,Incumbent,Winner,71.8,1541938,1066158
678,Lee Griffin ,(D),Pennsylvania,District 12,N/a,N/a,28.2,45850,44571
679,Liz Terwilliger ,(L),Pennsylvania,District 12,N/a,N/a,0.0,6211,5937
680,John Joyce ,(R),Pennsylvania,District 13,Incumbent,Winner,79.0,1119769,461229
681,Todd Rowley ,(D),Pennsylvania,District 13,N/a,N/a,21.0,60348,67527
682,Guy Reschenthaler ,(R),Pennsylvania,District 14,Incumbent,Winner,67.8,2250282,1580488
683,Bill Marx ,(D),Pennsylvania,District 14,N/a,N/a,32.2,60403,45959
684,Glenn Thompson ,(R),Pennsylvania,District 15,Incumbent,Winner,76.3,1700061,1839073
685,Mike Kelly ,(R),Pennsylvania,District 16,Incumbent,Winner,67.2,2239488,1319340
686,Kristy Gnibus ,(D),Pennsylvania,District 16,N/a,N/a,32.8,584205,579453
687,Conor Lamb ,(D),Pennsylvania,District 17,Incumbent,Winner,51.1,4063114,3448850
688,Sean Parnell ,(R),Pennsylvania,District 17,N/a,N/a,48.9,3935774,3732399
689,Mike Doyle ,(D),Pennsylvania,District 18,Incumbent,Winner,64.6,1008711,999692
690,Luke Negron ,(R),Pennsylvania,District 18,N/a,N/a,35.4,57714,51666
691,David Cicilline ,(D),Rhode Island,District 01,Incumbent,Winner,70.8,1574854,1743173
692,Jim Langevin ,(D),Rhode Island,District 02,Incumbent,Winner,58.2,1102312,1422339
693,Bob Lancia ,(R),Rhode Island,District 02,N/a,N/a,41.5,55549,47877
694,Joe Cunningham ,(D),South Carolina,District 01,Incumbent,N/a,49.3,6941746,6993962
695,Nancy Mace ,(R),South Carolina,District 01,N/a,Winner,50.6,5766726,5707239
696,Joe Wilson ,(R),South Carolina,District 02,Incumbent,Winner,55.7,1648065,1723956
697,Adair Boroughs ,(D),South Carolina,District 02,N/a,N/a,42.6,2510526,2507664
698,Jeff Duncan ,(R),South Carolina,District 03,Incumbent,Winner,71.2,1509647,1271872
699,Hosea Cleveland ,(D),South Carolina,District 03,N/a,N/a,28.7,43214,45107
700,William Timmons ,(R),South Carolina,District 04,Incumbent,Winner,61.6,977784,982233
701,Kim Nelson ,(D),South Carolina,District 04,N/a,N/a,36.9,167825,167508
702,Ralph Norman ,(R),South Carolina,District 05,Incumbent,Winner,60.1,991246,859747
703,Moe Brown ,(D),South Carolina,District 05,N/a,N/a,39.9,480648,477295
704,James E Clyburn ,(D),South Carolina,District 06,Incumbent,Winner,68.2,3406945,2332128
705,Tom Rice ,(R),South Carolina,District 07,Incumbent,Winner,61.8,1405738,1242208
706,Melissa Watson ,(D),South Carolina,District 07,N/a,N/a,38.1,147623,147623
707,Larry Guy Hammond ,(L),South Carolina,District 07,N/a,N/a,0.0,199,199
708,Dusty Johnson ,(R),South Dakota,District 01,Incumbent,Winner,81.8,1693504,699356
709,Diana Harshbarger ,(R),Tennessee,District 01,N/a,Winner,74.8,2126946,1869100
710,Blair Nicole Walsingham ,(D),Tennessee,District 01,N/a,N/a,22.4,140209,134995
711,Tim Burchett ,(R),Tennessee,District 02,Incumbent,Winner,67.7,1336276,878488
712,Renee Hoyos ,(D),Tennessee,District 02,N/a,N/a,31.0,812784,816793
713,Chuck Fleischmann ,(R),Tennessee,District 03,Incumbent,Winner,67.3,1051653,381411
714,Meg Gorman ,(D),Tennessee,District 03,N/a,N/a,30.5,85843,77760
715,Scott Desjarlais ,(R),Tennessee,District 04,Incumbent,Winner,66.7,331464,392499
716,Christopher Hale ,(D),Tennessee,District 04,N/a,N/a,33.3,308731,302996
717,Jim Cooper ,(D),Tennessee,District 05,Incumbent,Winner,100.0,936569,1332131
718,John Rose ,(R),Tennessee,District 06,Incumbent,Winner,73.7,1050429,625688
719,Mark Green ,(R),Tennessee,District 07,Incumbent,Winner,69.9,1194960,935487
720,Kiran Sreepada ,(D),Tennessee,District 07,N/a,N/a,27.3,206644,207191
721,Ronald Brown ,(I),Tennessee,District 07,N/a,N/a,2.2,1750,0
722,Scott Vieira Jr ,(I),Tennessee,District 07,N/a,N/a,0.6,655,1049
723,David Kustoff ,(R),Tennessee,District 08,Incumbent,Winner,68.5,1641217,999285
724,Erika Stotts Pearson ,(D),Tennessee,District 08,N/a,N/a,29.5,19070,15883
725,Steve Cohen ,(D),Tennessee,District 09,Incumbent,Winner,77.4,607570,457311
726,Charlotte Bergmann ,(R),Tennessee,District 09,N/a,N/a,20.1,99147,100532
727,Dennis Clark ,(I),Tennessee,District 09,N/a,N/a,1.6,9991,9919
728,Louie Gohmert ,(R),Texas,District 01,Incumbent,Winner,72.6,552915,580441
729,Hank Gilbert ,(D),Texas,District 01,N/a,N/a,27.4,968155,734411
730,Dan Crenshaw ,(R),Texas,District 02,Incumbent,Winner,55.6,19427865,17596329
731,Sima Ladjevardian ,(D),Texas,District 02,N/a,N/a,42.8,3832697,3825287
732,Elliott Scheirman ,(L),Texas,District 02,N/a,N/a,1.6,15374,14296
733,Van Taylor ,(R),Texas,District 03,Incumbent,Winner,55.1,2655327,2825378
734,Helane Seikaly ,(D),Texas,District 03,N/a,N/a,42.9,1635185,1634843
735,Patrick Fallon ,(R),Texas,District 04,N/a,Winner,75.1,257174,95065
736,Tracy Shawn Jones ,(I),Texas,District 04,N/a,N/a,0.4,13002,10595
737,Lance Gooden ,(R),Texas,District 05,Incumbent,Winner,62.0,1610327,1311983
738,Carolyn Salter ,(D),Texas,District 05,N/a,N/a,35.9,317848,289112
739,Kevin Hale ,(L),Texas,District 05,N/a,N/a,2.1,18405,6508
740,Ron Wright ,(R),Texas,District 06,Incumbent,Winner,52.8,912134,907693
741,Stephen Daniel ,(D),Texas,District 06,N/a,N/a,44.0,680402,677568
742,Lizzie Fletcher ,(D),Texas,District 07,Incumbent,Winner,50.8,6265165,6246136
743,Wesley Hunt ,(R),Texas,District 07,N/a,N/a,47.5,7524064,7300122
744,Kevin Brady ,(R),Texas,District 08,Incumbent,Winner,72.5,3570477,3190447
745,Elizabeth Hernandez ,(D),Texas,District 08,N/a,N/a,25.5,17227,14981
746,Al Green ,(D),Texas,District 09,Incumbent,Winner,75.5,460332,486155
747,Johnny Teague ,(R),Texas,District 09,N/a,N/a,21.6,89965,88366
748,Michael McCaul ,(R),Texas,District 10,Incumbent,Winner,52.5,3856477,3910930
749,Mike Siegel ,(D),Texas,District 10,N/a,N/a,45.4,2873926,2829765
750,August Pfluger ,(R),Texas,District 11,N/a,Winner,79.7,2578540,1984134
751,Jon Mark Hogg ,(D),Texas,District 11,N/a,N/a,18.3,137730,135141
752,Kay Granger ,(R),Texas,District 12,Incumbent,Winner,63.7,3161288,3271815
753,Lisa Welch ,(D),Texas,District 12,N/a,N/a,33.0,98465,98475
754,Trey Holcomb ,(L),Texas,District 12,N/a,N/a,3.3,967,457
755,Ronny Jackson ,(R),Texas,District 13,N/a,Winner,79.4,2128271,1741132
756,Gus Trujillo ,(D),Texas,District 13,N/a,N/a,18.5,22826,18820
757,Randy Weber ,(R),Texas,District 14,Incumbent,Winner,61.6,936202,924659
758,Adrienne Bell ,(D),Texas,District 14,N/a,N/a,38.4,244754,240934
759,Cyrus Sajna ,(I),Texas,District 14,N/a,N/a,0.0,35096,34942
760,Michael David Sanchez ,(I),Texas,District 14,N/a,N/a,0.0,100,12
761,Vicente Gonzalez ,(D),Texas,District 15,Incumbent,Winner,50.5,1008381,657500
762,Monica De La Cruz ,(R),Texas,District 15,N/a,N/a,47.6,344893,338832
763,Veronica Escobar ,(D),Texas,District 16,Incumbent,Winner,64.7,1135549,1087693
764,Irene Armendariz-Jackson ,(R),Texas,District 16,N/a,N/a,35.3,168997,153671
765,Pete Sessions ,(R),Texas,District 17,N/a,Winner,55.9,1447958,1658637
766,Rick Kennedy ,(D),Texas,District 17,N/a,N/a,40.9,200668,202096
767,Ted Brown ,(L),Texas,District 17,N/a,N/a,3.2,3041,3041
768,Sheila Jackson Lee ,(D),Texas,District 18,Incumbent,Winner,73.3,924480,838414
769,Wendell Champion ,(R),Texas,District 18,N/a,N/a,23.5,305645,271278
770,Jodey Arrington ,(R),Texas,District 19,Incumbent,Winner,74.8,2497184,1932700
771,Tom Watson ,(D),Texas,District 19,N/a,N/a,22.9,49405,60806
772,Joaquin Castro ,(D),Texas,District 20,Incumbent,Winner,64.7,674061,686934
773,Mauro Garza ,(R),Texas,District 20,N/a,N/a,33.1,263293,240930
774,Chip Roy ,(R),Texas,District 21,Incumbent,Winner,52.0,5005639,4679362
775,Wendy Davis ,(D),Texas,District 21,N/a,N/a,45.4,10263486,10201874
776,Michael Felts ,(I),Texas,District 21,N/a,N/a,0.0,3570,1851
777,Sri Kulkarni ,(D),Texas,District 22,N/a,N/a,44.6,5639061,5630098
778,Troy Nehls ,(R),Texas,District 22,N/a,Winner,51.5,1806655,1787448
779,Gina Ortiz Jones ,(D),Texas,District 23,N/a,N/a,46.6,6755222,6842440
780,Tony Gonzales ,(R),Texas,District 23,N/a,Winner,50.5,2797133,2764108
781,Candace Valenzuela ,(D),Texas,District 24,N/a,N/a,47.5,4886999,4875031
782,Beth Van Duyne ,(R),Texas,District 24,N/a,Winner,48.8,3410852,3342442
783,Stephen Kuzmich ,(I),Texas,District 24,N/a,N/a,1.2,175504,201332
784,Mark Bauer ,(I),Texas,District 24,N/a,N/a,0.9,26342,26542
785,Darren Hamilton ,(L),Texas,District 24,N/a,N/a,1.6,570,212
786,Roger Williams ,(R),Texas,District 25,Incumbent,Winner,55.9,2435121,3347267
787,Julie Oliver ,(D),Texas,District 25,N/a,N/a,42.1,2190347,2176319
788,Michael Burgess ,(R),Texas,District 26,Incumbent,Winner,60.6,1806588,2081391
789,Carol Iannuzzi ,(D),Texas,District 26,N/a,N/a,37.3,95937,95937
790,Michael Cloud ,(R),Texas,District 27,Incumbent,Winner,63.1,1014427,829748
791,Ricardo De La Fuente ,(D),Texas,District 27,N/a,N/a,34.9,312096,312096
792,Henry Cuellar ,(D),Texas,District 28,Incumbent,Winner,58.3,2655317,3650848
793,Sandra Whitten ,(R),Texas,District 28,N/a,N/a,39.0,24760,27354
794,Sylvia Garcia ,(D),Texas,District 29,Incumbent,Winner,71.1,818984,758382
795,Jaimy Blanco ,(R),Texas,District 29,N/a,N/a,27.4,4378,0
796,Eddie Bernice Johnson ,(D),Texas,District 30,Incumbent,Winner,77.5,589096,494547
797,Demetrick Pennie ,(R),Texas,District 30,N/a,N/a,18.4,311109,305446
798,John Carter ,(R),Texas,District 31,Incumbent,Winner,53.4,2160187,2214487
799,Donna Imam ,(D),Texas,District 31,N/a,N/a,44.3,1035222,1035272
800,Colin Allred ,(D),Texas,District 32,Incumbent,Winner,52.0,5667725,5611747
801,Genevieve Collins ,(R),Texas,District 32,N/a,N/a,45.9,5923081,5915256
802,Jason Sigmon ,(I),Texas,District 32,N/a,N/a,0.7,11791,11651
803,Marc Veasey ,(D),Texas,District 33,Incumbent,Winner,66.8,1621929,1613446
804,Fabian Cordova Vasquez ,(R),Texas,District 33,N/a,N/a,25.2,36692,25585
805,Filemon Vela ,(D),Texas,District 34,Incumbent,Winner,55.4,983026,1024180
806,Rey Gonzalez ,(R),Texas,District 34,N/a,N/a,41.8,37118,37446
807,Lloyd Doggett ,(D),Texas,District 35,Incumbent,Winner,65.4,1336576,424804
808,Jennifer Sharon ,(R),Texas,District 35,N/a,N/a,30.0,19011,14442
809,Jason Mata ,(I),Texas,District 35,N/a,N/a,1.9,2632,2632
810,Brian Babin ,(R),Texas,District 36,Incumbent,Winner,73.6,1345351,1297185
811,Brandon Rashad Lewis ,(D),Texas,District 36,N/a,N/a,24.3,21714,12278
812,Blake Moore ,(R),Utah,District 01,N/a,Winner,69.6,844377,816015
813,Darren Parry ,(D),Utah,District 01,N/a,N/a,30.5,41218,40904
814,Chris Stewart ,(R),Utah,District 02,Incumbent,Winner,59.0,835139,812462
815,John Kael Weston ,(D),Utah,District 02,N/a,N/a,36.6,344774,306872
816,Joe Jarvis ,(3),Utah,District 02,N/a,N/a,0.0,22989,22989
817,John Curtis ,(R),Utah,District 03,Incumbent,Winner,68.8,874311,687265
818,Devin Thorpe ,(D),Utah,District 03,N/a,N/a,26.8,191412,190200
819,Thomas G. McNeill ,(3),Utah,District 03,N/a,N/a,2.0,5516,5516
820,Russel Fugal ,(I),Utah,District 03,N/a,N/a,0.0,393,346
821,Ben McAdams ,(D),Utah,District 04,Incumbent,N/a,46.7,5613542,5555591
822,Burgess Owens ,(R),Utah,District 04,N/a,Winner,47.7,5129475,5049146
823,Jonia Broderick ,(3),Utah,District 04,N/a,N/a,2.1,21394,21265
824,Peter Welch ,(D),Vermont,District 01,Incumbent,Winner,64.4,847320,865252
825,Rob Wittman ,(R),Virginia,District 01,Incumbent,Winner,58.5,1969785,2140375
826,Qasim Rashid ,(D),Virginia,District 01,N/a,N/a,41.7,1559108,1559108
827,Elaine Luria ,(D),Virginia,District 02,Incumbent,Winner,51.6,6522276,6387474
828,Scott Taylor ,(R),Virginia,District 02,N/a,N/a,45.8,2452292,2446410
829,Bobby Scott ,(D),Virginia,District 03,Incumbent,Winner,68.4,873126,832419
830,John Collick ,(R),Virginia,District 03,N/a,N/a,31.4,167146,165080
831,Donald McEachin ,(D),Virginia,District 04,Incumbent,Winner,61.6,961412,963788
832,Leon Benjamin ,(R),Virginia,District 04,N/a,N/a,38.2,545354,523429
833,Cameron Webb ,(D),Virginia,District 05,N/a,N/a,47.3,5755917,5750924
834,Bob Good ,(R),Virginia,District 05,N/a,Winner,52.4,1373867,1323530
835,Ben Cline ,(R),Virginia,District 06,Incumbent,Winner,64.6,892955,672928
836,Nicholas Betts ,(D),Virginia,District 06,N/a,N/a,35.3,56190,54205
837,Abigail Spanberger ,(D),Virginia,District 07,Incumbent,Winner,50.8,8387680,7852213
838,Nick Freitas ,(R),Virginia,District 07,N/a,N/a,49.0,3629431,3600108
839,Don Beyer ,(D),Virginia,District 08,Incumbent,Winner,75.8,1729482,2071906
840,Jeff Jordan ,(R),Virginia,District 08,N/a,N/a,24.0,96035,96035
841,Heerak Christian Kim ,(I),Virginia,District 08,N/a,N/a,0.0,2036,1921
842,Morgan Griffith ,(R),Virginia,District 09,Incumbent,Winner,94.0,873612,463916
843,Jennifer Wexton ,(D),Virginia,District 10,Incumbent,Winner,56.5,3855331,1772250
844,Aliscia Andrews ,(R),Virginia,District 10,N/a,N/a,43.4,1567598,1413145
845,Gerry Connolly ,(D),Virginia,District 11,Incumbent,Winner,71.4,1998592,1811776
846,Manga Anantatmula ,(R),Virginia,District 11,N/a,N/a,28.3,282152,268326
847,Stevan Porter ,(L),Virginia,District 11,N/a,N/a,0.0,533,1316
848,Suzan DelBene ,(D),Washington,District 01,Incumbent,Winner,58.6,2182985,1897162
849,Jeffrey Beeler ,(R),Washington,District 01,N/a,N/a,41.3,61970,62279
850,Rick Larsen ,(D),Washington,District 02,Incumbent,Winner,63.2,1275127,1219489
851,Tim Hazelo ,(R),Washington,District 02,N/a,N/a,36.6,49478,49322
852,Jaime Herrera Beutler ,(R),Washington,District 03,Incumbent,Winner,56.4,4566383,4540148
853,Carolyn Long ,(D),Washington,District 03,N/a,N/a,43.4,4130540,4142685
854,Dan Newhouse ,(R),Washington,District 04,Incumbent,Winner,66.3,1173464,991174
855,Doug McKinley ,(D),Washington,District 04,N/a,N/a,33.5,57666,54227
856,Cathy McMorris Rodgers ,(R),Washington,District 05,Incumbent,Winner,60.9,4349448,3432572
857,Dave Wilson ,(D),Washington,District 05,N/a,N/a,38.9,109636,109636
858,Derek Kilmer ,(D),Washington,District 06,Incumbent,Winner,59.4,2524026,2531111
859,Elizabeth Kreiselmaier ,(R),Washington,District 06,N/a,N/a,40.4,156123,145108
860,Pramila Jayapal ,(D),Washington,District 07,Incumbent,Winner,83.0,2630000,1530626
861,Craig Keller ,(R),Washington,District 07,N/a,N/a,16.7,2904,3703
862,Kim Schrier ,(D),Washington,District 08,Incumbent,Winner,51.7,5422491,3774398
863,Jesse Jensen ,(R),Washington,District 08,N/a,N/a,48.1,852396,842269
864,Adam Smith ,(D),Washington,District 09,Incumbent,Winner,74.2,1324761,930710
865,Doug Basler ,(R),Washington,District 09,N/a,N/a,25.7,22536,18328
866,Marilyn Strickland ,(D),Washington,District 10,N/a,Winner,49.6,1812659,1780633
867,Beth Doglio ,(D),Washington,District 10,N/a,N/a,35.7,1477678,1477678
868,David McKinley ,(R),West Virginia,District 01,Incumbent,Winner,69.0,1092609,1085864
869,Natalie Ms. Cline ,(D),West Virginia,District 01,N/a,N/a,31.0,81032,81881
870,Alex Mooney ,(R),West Virginia,District 02,Incumbent,Winner,63.1,2155978,864001
871,Catherine Kunkel ,(D),West Virginia,District 02,N/a,N/a,36.9,641567,641567
872,Carol Miller ,(R),West Virginia,District 03,Incumbent,Winner,71.3,869210,720796
873,Hilary Turner ,(D),West Virginia,District 03,N/a,N/a,28.7,99214,98769
874,Belinda Fox-Spencer ,(I),West Virginia,District 03,N/a,N/a,0.0,5207,5207
875,Bryan Steil ,(R),Wisconsin,District 01,Incumbent,Winner,59.4,3500849,3151701
876,Roger Polack ,(D),Wisconsin,District 01,N/a,N/a,40.7,536228,526431
877,Mark Pocan ,(D),Wisconsin,District 02,Incumbent,Winner,69.7,1290582,1014628
878,Peter Theron ,(R),Wisconsin,District 02,N/a,N/a,30.3,35753,33977
879,Ron Kind ,(D),Wisconsin,District 03,Incumbent,Winner,51.4,2989262,4435403
880,Derrick Van Orden ,(R),Wisconsin,District 03,N/a,N/a,48.6,1962443,1948639
881,Gwen Moore ,(D),Wisconsin,District 04,Incumbent,Winner,74.7,1183995,1166739
882,Scott Fitzgerald ,(R),Wisconsin,District 05,N/a,Winner,60.2,1155721,968406
883,Tom Palzewicz ,(D),Wisconsin,District 05,N/a,N/a,39.9,370392,371799
884,Glenn S Grothman ,(R),Wisconsin,District 06,Incumbent,Winner,59.3,1815756,1736659
885,Jessica King ,(D),Wisconsin,District 06,N/a,N/a,40.7,287753,245788
886,Tom Tiffany ,(R),Wisconsin,District 07,Incumbent,Winner,60.8,2637459,2514740
887,Tricia Zunker ,(D),Wisconsin,District 07,N/a,N/a,39.2,1261957,1232690
888,Mike Gallagher ,(R),Wisconsin,District 08,Incumbent,Winner,64.0,3202905,2841801
889,Amanda Stuck ,(D),Wisconsin,District 08,N/a,N/a,36.0,416978,399916
890,Liz Cheney ,(R),Wyoming,District 01,Incumbent,Winner,68.6,3003883,3060167
891,Lynnette Grey Bull ,(D),Wyoming,District 01,N/a,N/a,24.6,134597,132235
