,Name,Party,State,District Number,Incumbent Status,Winner Status,Percentage of Vote,Total Amount Raised,Total Amount Spent,State_District
0,Jerry Carl ,(R),AL, 01,N/a,Winner,64.9,1971321,1859349,AL01
1,James Averhart ,(D),AL, 01,N/a,N/a,35.0,80095,78973,AL01
2,Barry Moore ,(R),AL, 02,N/a,Winner,65.3,650807,669368,AL02
3,Phyllis Harvey-Hall ,(D),AL, 02,N/a,N/a,34.6,56050,55988,AL02
4,Mike D Rogers ,(R),AL, 03,Incumbent,Winner,67.5,1193111,1218564,AL03
5,Adia Winfrey ,(D),AL, 03,N/a,N/a,32.4,50273,40971,AL03
6,Robert B Aderholt ,(R),AL, 04,Incumbent,Winner,82.5,1255076,1323812,AL04
7,Mo Brooks ,(R),AL, 05,Incumbent,Winner,95.8,655365,210045,AL05
8,Gary Palmer ,(R),AL, 06,Incumbent,Winner,97.1,907219,909082,AL06
9,Terri Sewell ,(D),AL, 07,Incumbent,Winner,97.2,2168165,1495957,AL07
10,Don Young ,(R),AK, 01,Incumbent,Winner,54.4,1922901,1790448,AK01
11,Alyse Galvin ,(I),AK, 01,N/a,N/a,45.3,5178452,5088103,AK01
12,Tom O'Halleran ,(D),AZ, 01,Incumbent,Winner,51.6,3381353,3324138,AZ01
13,Tiffany Shedd ,(R),AZ, 01,N/a,N/a,48.4,1675618,1615704,AZ01
14,Ann Kirkpatrick ,(D),AZ, 02,Incumbent,Winner,55.1,1849862,1384765,AZ02
15,Brandon Martin ,(R),AZ, 02,N/a,N/a,44.9,374821,381067,AZ02
16,Raul M Grijalva ,(D),AZ, 03,Incumbent,Winner,64.6,843560,655507,AZ03
17,Daniel Wood ,(R),AZ, 03,N/a,N/a,35.4,41422,41962,AZ03
18,Paul Gosar ,(R),AZ, 04,Incumbent,Winner,69.8,622151,729892,AZ04
19,Delina DiSanto ,(D),AZ, 04,N/a,N/a,30.2,77168,79758,AZ04
20,Andy Biggs ,(R),AZ, 05,Incumbent,Winner,58.9,1602181,1236380,AZ05
21,Joan Greene ,(D),AZ, 05,N/a,N/a,41.1,356069,209789,AZ05
22,David Schweikert ,(R),AZ, 06,Incumbent,Winner,52.2,2265329,2249979,AZ06
23,Hiral Tipirneni ,(D),AZ, 06,N/a,N/a,47.8,6301073,6366702,AZ06
24,Tom Lewellen ,(I),AZ, 06,N/a,N/a,0.0,11685,11000,AZ06
25,Ruben Gallego ,(D),AZ, 07,Incumbent,Winner,76.7,1811754,1653961,AZ07
26,Josh Barnett ,(R),AZ, 07,N/a,N/a,23.3,28093,17883,AZ07
27,Debbie Lesko ,(R),AZ, 08,Incumbent,Winner,59.6,1605245,987453,AZ08
28,Michael Muscato ,(D),AZ, 08,N/a,N/a,40.4,357906,347734,AZ08
29,Greg Stanton ,(D),AZ, 09,Incumbent,Winner,61.6,2001619,1001350,AZ09
30,Dave Giles ,(R),AZ, 09,N/a,N/a,38.4,130480,129935,AZ09
31,Rick Crawford ,(R),AR, 01,Incumbent,Winner,100.0,966801,1095518,AR01
32,French Hill ,(R),AR, 02,Incumbent,Winner,55.4,3384490,3020491,AR02
33,Joyce Elliott ,(D),AR, 02,N/a,N/a,44.6,3482463,3478733,AR02
34,Steve Womack ,(R),AR, 03,Incumbent,Winner,64.3,1127158,923120,AR03
35,Celeste Williams (D) ,(D),AR, 03,N/a,N/a,31.8,355294,355294,AR03
36,Bruce Westerman ,(R),AR, 04,Incumbent,Winner,69.7,1407770,1102573,AR04
37,William Hanson ,(D),AR, 04,N/a,N/a,27.5,109767,111683,AR04
38,Doug LaMalfa ,(R),CA, 01,Incumbent,Winner,56.9,1219556,1155945,CA01
39,Audrey Denney ,(D),CA, 01,N/a,N/a,43.1,2461769,2457661,CA01
40,Jared Huffman ,(D),CA, 02,Incumbent,Winner,75.7,899419,797753,CA02
41,Dale Mensing ,(R),CA, 02,N/a,N/a,24.3,5921,2197,CA02
42,John Garamendi ,(D),CA, 03,Incumbent,Winner,54.7,1054066,667320,CA03
43,Tamika Hamilton ,(R),CA, 03,N/a,N/a,45.3,397099,384584,CA03
44,Tom McClintock ,(R),CA, 04,Incumbent,Winner,55.9,2053363,2107248,CA04
45,Brynne Kennedy ,(D),CA, 04,N/a,N/a,44.1,3006020,3002532,CA04
46,Mike Thompson ,(D),CA, 05,Incumbent,Winner,76.8,2208136,2022751,CA05
47,Doris Matsui ,(D),CA, 06,Incumbent,Winner,73.4,1019605,1073529,CA06
48,Christine Bish ,(R),CA, 06,N/a,N/a,26.6,44772,44554,CA06
49,Ami Bera ,(D),CA, 07,Incumbent,Winner,56.6,1757748,1053444,CA07
50,Buzz Patterson ,(R),CA, 07,N/a,N/a,43.4,43876,29614,CA07
51,Jay Obernolte ,(R),CA, 08,N/a,Winner,56.1,1861647,1792064,CA08
52,Chris Bubser ,(D),CA, 08,N/a,N/a,43.9,1858001,1856613,CA08
53,Jerry McNerney ,(D),CA, 09,Incumbent,Winner,57.6,1177959,1112543,CA09
54,Tony Amador ,(R),CA, 09,N/a,N/a,42.4,52175,52175,CA09
55,Josh Harder ,(D),CA, 10,Incumbent,Winner,55.2,7400135,3950613,CA10
56,Ted Howze ,(R),CA, 10,N/a,N/a,44.8,1426552,1721882,CA10
57,Mark Desaulnier ,(D),CA, 11,Incumbent,Winner,73.0,610394,440537,CA11
58,Nisha Sharma ,(R),CA, 11,N/a,N/a,27.0,174954,171870,CA11
59,Nancy Pelosi ,(D),CA, 12,Incumbent,Winner,77.6,27359508,22064953,CA12
60,Shahid Buttar ,(D),CA, 12,N/a,N/a,22.4,1672876,1650467,CA12
61,Barbara Lee ,(D),CA, 13,Incumbent,Winner,90.4,1828213,1750142,CA13
62,Nikka Piterman ,(R),CA, 13,N/a,N/a,9.6,9839,9904,CA13
63,Jackie Speier ,(D),CA, 14,Incumbent,Winner,79.3,942934,919599,CA14
64,Eric Swalwell ,(D),CA, 15,Incumbent,Winner,70.9,2807774,3977839,CA15
65,Jim Costa ,(D),CA, 16,Incumbent,Winner,59.3,2135525,1835244,CA16
66,Kevin Cookingham ,(R),CA, 16,N/a,N/a,40.7,265364,265364,CA16
67,Ro Khanna ,(D),CA, 17,Incumbent,Winner,71.3,3837982,2455457,CA17
68,Ritesh Tandon ,(R),CA, 17,N/a,N/a,28.7,175536,175015,CA17
69,Anna Eshoo ,(D),CA, 18,Incumbent,Winner,63.2,2114909,2059158,CA18
70,Rishi Kumar ,(D),CA, 18,N/a,N/a,36.8,674383,691938,CA18
71,Zoe Lofgren ,(D),CA, 19,Incumbent,Winner,71.7,1755555,1731700,CA19
72,Justin Aguilera ,(R),CA, 19,N/a,N/a,28.3,9112,11542,CA19
73,Jimmy Panetta ,(D),CA, 20,Incumbent,Winner,76.8,2009894,1592671,CA20
74,Jeff Gorman ,(R),CA, 20,N/a,N/a,23.2,67634,64947,CA20
75,TJ Cox ,(D),CA, 21,Incumbent,N/a,49.6,5695157,5694005,CA21
76,David Valadao ,(R),CA, 21,N/a,Winner,50.4,4067880,3982587,CA21
77,Devin Nunes ,(R),CA, 22,Incumbent,Winner,54.2,26825212,20156093,CA22
78,Phil Arballo ,(D),CA, 22,N/a,N/a,45.8,5091451,5062185,CA22
79,Kevin McCarthy ,(R),CA, 23,Incumbent,Winner,62.1,27780644,24265583,CA23
80,Kim Mangone ,(D),CA, 23,N/a,N/a,37.9,1671101,1665373,CA23
81,Salud Carbajal ,(D),CA, 24,Incumbent,Winner,58.7,2117836,1451622,CA24
82,Andy Caldwell ,(R),CA, 24,N/a,N/a,41.3,1298798,1268199,CA24
83,Mike Garcia ,(R),CA, 25,Incumbent,Winner,50.0,9962507,9584648,CA25
84,Christy Smith ,(D),CA, 25,N/a,N/a,50.0,5977734,5808477,CA25
85,Julia Brownley ,(D),CA, 26,Incumbent,Winner,60.6,1976695,1314677,CA26
86,Ronda Kennedy ,(R),CA, 26,N/a,N/a,39.4,246226,67208,CA26
87,Judy Chu ,(D),CA, 27,Incumbent,Winner,69.8,1213706,956298,CA27
88,Johnny Nalbandian ,(R),CA, 27,N/a,N/a,30.2,39584,39159,CA27
89,Adam Schiff ,(D),CA, 28,Incumbent,Winner,72.7,19382855,10188664,CA28
90,Eric Early ,(R),CA, 28,N/a,N/a,27.3,4085322,3790027,CA28
91,Tony Cardenas ,(D),CA, 29,Incumbent,Winner,56.6,1419697,1213588,CA29
92,Angelica Duenas ,(3),CA, 29,N/a,N/a,43.4,78083,76627,CA29
93,Brad Sherman ,(D),CA, 30,Incumbent,Winner,69.5,1513374,1111826,CA30
94,Pete Aguilar ,(D),CA, 31,Incumbent,Winner,61.3,2475748,1861434,CA31
95,Agnes Gibboney ,(R),CA, 31,N/a,N/a,38.7,138687,127907,CA31
96,Grace Napolitano ,(D),CA, 32,Incumbent,Winner,66.6,478426,251047,CA32
97,Joshua Scott ,(R),CA, 32,N/a,N/a,33.4,23624,14248,CA32
98,Ted Lieu ,(D),CA, 33,Incumbent,Winner,67.6,1661436,1582573,CA33
99,James Bradley ,(R),CA, 33,N/a,N/a,32.4,78910,79035,CA33
100,Jimmy Gomez ,(D),CA, 34,Incumbent,Winner,53.0,1401166,1268312,CA34
101,David Kim ,(D),CA, 34,N/a,N/a,47.0,193430,80381,CA34
102,Norma Torres ,(D),CA, 35,Incumbent,Winner,69.3,654727,664600,CA35
103,Mike Cargile ,(R),CA, 35,N/a,N/a,30.7,36113,35915,CA35
104,Raul Ruiz ,(D),CA, 36,Incumbent,Winner,60.3,2402624,1732443,CA36
105,Erin Cruz ,(R),CA, 36,N/a,N/a,39.7,54217,53840,CA36
106,Karen Bass ,(D),CA, 37,Incumbent,Winner,85.9,2216467,1202942,CA37
107,Errol Webber ,(R),CA, 37,N/a,N/a,14.1,66398,174076,CA37
108,Linda Sanchez ,(D),CA, 38,Incumbent,Winner,74.3,1246008,1140165,CA38
109,Gil Cisneros ,(D),CA, 39,Incumbent,N/a,49.4,4370133,4350464,CA39
110,Young Kim ,(R),CA, 39,N/a,Winner,50.6,6424556,6021651,CA39
111,Lucille Roybal-Allard ,(D),CA, 40,Incumbent,Winner,72.7,739790,741379,CA40
112,Antonio Delgado ,(R),CA, 40,N/a,N/a,27.3,85014,79270,CA40
113,Mark Takano ,(D),CA, 41,Incumbent,Winner,64.0,1020456,949494,CA41
114,Aja Smith ,(R),CA, 41,N/a,N/a,36.0,660658,659909,CA41
115,Ken Calvert ,(R),CA, 42,Incumbent,Winner,57.1,1441812,1549113,CA42
116,Liam O'Mara ,(D),CA, 42,N/a,N/a,42.9,130065,128782,CA42
117,Maxine Waters ,(D),CA, 43,Incumbent,Winner,71.7,1836660,1906957,CA43
118,Joe Collins ,(R),CA, 43,N/a,N/a,28.3,10556626,9921103,CA43
119,Nanette Barragan ,(D),CA, 44,Incumbent,Winner,67.8,1173909,714023,CA44
120,Katie Porter ,(D),CA, 45,Incumbent,Winner,53.5,16627706,6443700,CA45
121,Greg Raths ,(R),CA, 45,N/a,N/a,46.5,1245767,1241713,CA45
122,Lou Correa ,(D),CA, 46,Incumbent,Winner,68.8,1192715,650707,CA46
123,Alan Lowenthal ,(D),CA, 47,Incumbent,Winner,63.3,678648,854902,CA47
124,John Briscoe ,(R),CA, 47,N/a,N/a,36.7,25302,21538,CA47
125,Harley Rouda ,(D),CA, 48,Incumbent,N/a,48.9,5968858,6174443,CA48
126,Michelle Steel ,(R),CA, 48,N/a,Winner,51.1,6305665,6148591,CA48
127,Mike Levin ,(D),CA, 49,Incumbent,Winner,53.1,3845768,2901566,CA49
128,Brian Maryott ,(R),CA, 49,N/a,N/a,46.9,2810253,2808217,CA49
129,Darrell Issa ,(R),CA, 50,N/a,Winner,54.0,11239670,10947106,CA50
130,Ammar Campa-Najjar ,(D),CA, 50,N/a,N/a,46.0,6248210,6247762,CA50
131,Juan Vargas ,(D),CA, 51,Incumbent,Winner,68.3,799734,801671,CA51
132,Juan Hidalgo ,(R),CA, 51,N/a,N/a,31.7,83730,81182,CA51
133,Scott Peters ,(D),CA, 52,Incumbent,Winner,61.6,1911791,2131849,CA52
134,James Debello ,(R),CA, 52,N/a,N/a,38.4,233464,224630,CA52
135,Sara Jacobs ,(D),CA, 53,N/a,Winner,59.5,7678363,7586186,CA53
136,Georgette Gomez ,(D),CA, 53,N/a,N/a,40.5,1691794,1663252,CA53
137,Diana DeGette ,(D),CO, 01,Incumbent,Winner,73.7,1201026,1077130,CO01
138,Joseph Neguse ,(D),CO, 02,Incumbent,Winner,61.5,1353325,674602,CO02
139,Charles Winn ,(R),CO, 02,N/a,N/a,35.4,98338,98338,CO02
140,Alex Johnson ,(I),CO, 02,N/a,N/a,0.0,4782,4093,CO02
141,Diane Mitsch Bush ,(D),CO, 03,N/a,N/a,45.2,5008274,4984238,CO03
142,Lauren Boebert ,(R),CO, 03,N/a,Winner,51.4,2989510,2632716,CO03
143,Chris Milton ,(3),CO, 03,N/a,N/a,1.0,12012,12012,CO03
144,Ken Buck ,(R),CO, 04,Incumbent,Winner,60.1,478984,539393,CO04
145,Ike McCorkle ,(D),CO, 04,N/a,N/a,36.1,369871,217398,CO04
146,Doug Lamborn ,(R),CO, 05,Incumbent,Winner,57.6,540712,329011,CO05
147,Jillian Freeland ,(D),CO, 05,N/a,N/a,37.4,185255,175548,CO05
148,Rebecca Keltie ,(3),CO, 05,N/a,N/a,0.8,2552,1495,CO05
149,Jason Crow ,(D),CO, 06,Incumbent,Winner,57.1,4136137,2892443,CO06
150,Steven House ,(R),CO, 06,N/a,N/a,40.0,1200056,1198044,CO06
151,Jaimie Kulikowski ,(3),CO, 06,N/a,N/a,0.9,72293,110645,CO06
152,Ed Perlmutter ,(D),CO, 07,Incumbent,Winner,59.1,1632262,1339482,CO07
153,Casper Stockham ,(R),CO, 07,N/a,N/a,37.6,147872,147872,CO07
154,Anthony Malgieri ,(I),CO, 07,N/a,N/a,0.0,1930,1958,CO07
155,John Larson ,(D),CT, 01,Incumbent,Winner,63.7,1377238,1323690,CT01
156,Mary Fay ,(R),CT, 01,N/a,N/a,35.0,26836,25118,CT01
157,Joe Courtney ,(D),CT, 02,Incumbent,Winner,59.4,964731,999360,CT02
158,Justin Anderson ,(R),CT, 02,N/a,N/a,38.2,80227,78767,CT02
159,Rosa DeLauro ,(D),CT, 03,Incumbent,Winner,58.7,1938999,1795635,CT03
160,Margaret Streicker ,(R),CT, 03,N/a,N/a,39.8,1839080,1835385,CT03
161,Justin Paglino ,(3),CT, 03,N/a,N/a,1.5,29200,28670,CT03
162,Jim Himes ,(D),CT, 04,Incumbent,Winner,62.3,1612935,2180029,CT04
163,Jonathan Riddle ,(R),CT, 04,N/a,N/a,36.2,31591,17385,CT04
164,Jahana Hayes ,(D),CT, 05,Incumbent,Winner,55.1,2037826,1564685,CT05
165,David Sullivan ,(R),CT, 05,N/a,N/a,43.5,397395,397370,CT05
166,Lisa Blunt Rochester ,(D),DE, 01,Incumbent,Winner,57.6,2024201,1305618,DE01
167,Lee Murphy ,(R),DE, 01,N/a,N/a,40.2,131394,131862,DE01
168,Catherine Purcell ,(I),DE, 01,N/a,N/a,1.4,5344,5103,DE01
169,Matt Gaetz ,(R),FL, 01,Incumbent,Winner,64.6,5946646,4482782,FL01
170,Phil Ehr ,(D),FL, 01,N/a,N/a,34.0,2025099,1900451,FL01
171,Bert Oram ,(I),FL, 01,N/a,N/a,1.4,8108,7070,FL01
172,Neal Dunn ,(R),FL, 02,Incumbent,Winner,98.0,653488,637580,FL02
173,Kristy Thripp ,(I),FL, 02,N/a,N/a,0.0,145,145,FL02
174,Kat Cammack ,(R),FL, 03,N/a,Winner,57.1,1122188,1090334,FL03
175,Adam Christensen ,(D),FL, 03,N/a,N/a,42.9,216021,219108,FL03
176,John Rutherford ,(R),FL, 04,Incumbent,Winner,61.1,1024912,1283701,FL04
177,Donna Deegan ,(D),FL, 04,N/a,N/a,38.9,1013157,1013157,FL04
178,Al Lawson ,(D),FL, 05,Incumbent,Winner,65.1,848498,695779,FL05
179,Gary Adler ,(R),FL, 05,N/a,N/a,34.9,146909,146909,FL05
180,Michael Waltz ,(R),FL, 06,Incumbent,Winner,60.6,2549667,1716768,FL06
181,Clint Curtis ,(D),FL, 06,N/a,N/a,39.4,24310,22251,FL06
182,Gerry Nolan ,(I),FL, 06,N/a,N/a,0.0,4467,5256,FL06
183,Stephanie Murphy ,(D),FL, 07,Incumbent,Winner,55.3,3124692,1798549,FL07
184,Leo Valentin ,(R),FL, 07,N/a,N/a,43.2,1045426,1031316,FL07
185,Bill Garlington ,(I),FL, 07,N/a,N/a,1.4,11000,0,FL07
186,Bill Posey ,(R),FL, 08,Incumbent,Winner,61.4,985268,1121834,FL08
187,James Kennedy ,(D),FL, 08,N/a,N/a,38.6,138568,138790,FL08
188,Darren Soto ,(D),FL, 09,Incumbent,Winner,56.0,1111750,945868,FL09
189,William Olson ,(R),FL, 09,N/a,N/a,44.0,404406,401088,FL09
190,Val Demings ,(D),FL, 10,Incumbent,Winner,63.6,1876047,1191020,FL10
191,Vennia Francois ,(R),FL, 10,N/a,N/a,36.4,335480,332852,FL10
192,Kristofer Steven Lawson ,(I),FL, 10,N/a,N/a,0.0,47,47,FL10
193,Daniel Webster ,(R),FL, 11,Incumbent,Winner,66.7,691261,586965,FL11
194,Dana Cottrell ,(D),FL, 11,N/a,N/a,33.3,62658,62380,FL11
195,Gus Bilirakis ,(R),FL, 12,Incumbent,Winner,62.9,1604137,1548634,FL12
196,Kim Walker ,(D),FL, 12,N/a,N/a,37.1,42802,33544,FL12
197,Charlie Crist ,(D),FL, 13,Incumbent,Winner,53.0,2720646,3980695,FL13
198,Anna Paulina Luna ,(R),FL, 13,N/a,N/a,47.0,3302944,3262236,FL13
199,Kathy Castor ,(D),FL, 14,Incumbent,Winner,60.3,884651,1201653,FL14
200,Christine Quinn ,(R),FL, 14,N/a,N/a,39.7,242144,241187,FL14
201,Alan Cohn ,(D),FL, 15,N/a,N/a,44.6,2333053,2300197,FL15
202,Scott Franklin ,(R),FL, 15,N/a,Winner,55.4,1663898,1638417,FL15
203,Vernon Buchanan ,(R),FL, 16,Incumbent,Winner,55.5,3094611,3100766,FL16
204,Margaret Good ,(D),FL, 16,N/a,N/a,44.5,3411924,3407845,FL16
205,Greg Steube ,(R),FL, 17,Incumbent,Winner,64.6,759908,621200,FL17
206,Allen Ellison ,(D),FL, 17,N/a,N/a,34.1,83481,78243,FL17
207,Brian Mast ,(R),FL, 18,Incumbent,Winner,56.4,6128177,5301307,FL18
208,Pam Keith ,(D),FL, 18,N/a,N/a,41.5,1639873,1632736,FL18
209,Byron Donalds ,(R),FL, 19,N/a,Winner,61.3,3219579,2738685,FL19
210,Cindy Banyai ,(D),FL, 19,N/a,N/a,38.7,214750,203430,FL19
211,Alcee Hastings ,(D),FL, 20,Incumbent,Winner,78.7,607649,543316,FL20
212,Greg Musselwhite ,(R),FL, 20,N/a,N/a,21.3,28955,27538,FL20
213,Lois Frankel ,(D),FL, 21,Incumbent,Winner,59.0,1534882,1309786,FL21
214,Laura Loomer ,(R),FL, 21,N/a,N/a,39.1,2271604,2240689,FL21
215,Charleston Malkemus ,(I),FL, 21,N/a,N/a,1.9,28928,28636,FL21
216,Ted Deutch ,(D),FL, 22,Incumbent,Winner,58.6,1364438,1265494,FL22
217,Jim Pruden ,(R),FL, 22,N/a,N/a,41.4,278416,278416,FL22
218,Debbie Wasserman Schultz ,(D),FL, 23,Incumbent,Winner,58.2,2191922,1979903,FL23
219,Carla Spalding ,(R),FL, 23,N/a,N/a,41.8,919579,903561,FL23
220,Frederica Wilson ,(D),FL, 24,Incumbent,Winner,75.6,412592,321019,FL24
221,Lavern Spicer ,(R),FL, 24,N/a,N/a,20.4,34973,34909,FL24
222,Christine Olivo ,(I),FL, 24,N/a,N/a,4.0,31646,32898,FL24
223,Mario Diaz-Balart ,(R),FL, 25,Incumbent,Winner,100.0,1590134,804054,FL25
224,Debbie Mucarsel-Powell ,(D),FL, 26,Incumbent,N/a,48.3,6793521,6822740,FL26
225,Carlos Gimenez ,(R),FL, 26,N/a,Winner,51.7,2226559,2187389,FL26
226,Donna Shalala ,(D),FL, 27,Incumbent,N/a,48.6,3842907,3735966,FL27
227,Maria Salazar ,(R),FL, 27,N/a,Winner,51.4,3654190,3645814,FL27
228,Frank Polo ,(I),FL, 27,N/a,N/a,0.0,4606,4662,FL27
229,Buddy Carter ,(R),GA, 01,Incumbent,Winner,58.4,2315487,1734754,GA01
230,Joyce Griggs ,(D),GA, 01,N/a,N/a,41.7,130043,125000,GA01
231,Sanford Bishop ,(D),GA, 02,Incumbent,Winner,59.1,1540683,1440571,GA02
232,Don Cole ,(R),GA, 02,N/a,N/a,40.9,164274,162522,GA02
233,Drew Ferguson ,(R),GA, 03,Incumbent,Winner,65.0,2374212,2150911,GA03
234,Val Almonord ,(D),GA, 03,N/a,N/a,35.0,35762,31946,GA03
235,Hank Johnson ,(D),GA, 04,Incumbent,Winner,80.1,628303,490360,GA04
236,Johsira C. Cruz ,(R),GA, 04,N/a,N/a,19.9,12954,23146,GA04
237,Nikema Williams ,(D),GA, 05,N/a,Winner,85.2,553964,362801,GA05
238,Robert Franklin ,(D),GA, 05,N/a,N/a,0.0,360473,358394,GA05
239,Angela Stanton-King ,(R),GA, 05,N/a,N/a,14.9,305279,301338,GA05
240,Kwanza Hall ,(D),GA, 05,N/a,N/a,0.0,239597,227091,GA05
241,Barrington Martin II ,(D),GA, 05,N/a,N/a,0.0,16522,16517,GA05
242,Chase Oliver ,(L),GA, 05,N/a,N/a,0.0,9225,5220,GA05
243,Steven Muhammad ,(I),GA, 05,N/a,N/a,0.0,3497,-4965,GA05
244,Keisha Waites ,(D),GA, 05,N/a,N/a,0.0,875,0,GA05
245,Lucy McBath ,(D),GA, 06,Incumbent,Winner,54.6,8507298,8586054,GA06
246,Karen Handel ,(R),GA, 06,N/a,N/a,45.4,3026243,3072932,GA06
247,Carolyn Bourdeaux ,(D),GA, 07,N/a,Winner,54.4,5133244,5161230,GA07
248,Richard McCormick ,(R),GA, 07,N/a,N/a,48.6,2595446,2563724,GA07
249,Austin Scott ,(R),GA, 08,Incumbent,Winner,64.5,821745,716159,GA08
250,Jimmy Cooper ,(3),GA, 08,N/a,N/a,0.0,8542,8528,GA08
251,Lindsay Holliday ,(D),GA, 08,N/a,N/a,35.5,7480,5220,GA08
252,Andrew Clyde ,(R),GA, 09,N/a,Winner,78.6,1569425,1561316,GA09
253,Devin Pandy ,(D),GA, 09,N/a,N/a,21.4,84272,84623,GA09
254,Jody Hice ,(R),GA, 10,Incumbent,Winner,62.3,595947,457648,GA10
255,Tabitha Johnson-Green ,(D),GA, 10,N/a,N/a,37.7,14808,12214,GA10
256,Barry Loudermilk ,(R),GA, 11,Incumbent,Winner,60.4,877767,700851,GA11
257,Dana Barrett ,(D),GA, 11,N/a,N/a,39.6,404625,394977,GA11
258,Richard W Allen ,(R),GA, 12,Incumbent,Winner,58.4,1228970,662818,GA12
259,Liz Johnson ,(D),GA, 12,N/a,N/a,41.6,72061,72061,GA12
260,David Scott ,(D),GA, 13,Incumbent,Winner,77.4,1209614,1131746,GA13
261,Becky Hites ,(R),GA, 13,N/a,N/a,22.6,63509,62935,GA13
262,Martin Cowen ,(L),GA, 13,N/a,N/a,0.0,13460,13464,GA13
263,Marjorie Taylor Greene ,(R),GA, 14,N/a,Winner,74.8,2596914,2237599,GA14
264,Ed Case ,(D),HI, 01,Incumbent,N/a,64.7,508249,472569,HI01
265,Ron Curtis ,(R),HI, 01,N/a,N/a,25.1,12538,12647,HI01
266,Kai Kahele ,(D),HI, 02,N/a,Winner,57.9,1235523,1039637,HI02
267,Joe Akana ,(R),HI, 02,N/a,N/a,28.3,54534,55344,HI02
268,Jonathan Hoomanawanui ,(3),HI, 02,N/a,N/a,2.2,1883,1522,HI02
269,Russ Fulcher ,(R),ID, 01,Incumbent,Winner,67.8,575485,508457,ID01
270,Rudy Soto ,(D),ID, 01,N/a,N/a,28.7,302902,302902,ID01
271,Mike Simpson ,(R),ID, 02,Incumbent,Winner,64.1,1008847,1099604,ID02
272,Aaron Swisher ,(D),ID, 02,N/a,N/a,31.7,70674,70268,ID02
273,Bobby Rush ,(D),IL, 01,Incumbent,Winner,73.8,541435,496454,IL01
274,Philanise White ,(R),IL, 01,N/a,N/a,26.2,6289,5048,IL01
275,Robin Kelly ,(D),IL, 02,Incumbent,Winner,78.8,1634783,1108137,IL02
276,Marie Newman ,(D),IL, 03,N/a,Winner,56.4,2802093,2699323,IL03
277,Mike Fricilone ,(R),IL, 03,N/a,N/a,43.6,128458,127980,IL03
278,Jesus Garcia ,(D),IL, 04,Incumbent,Winner,16.0,822846,711159,IL04
279,Jesus Solorio Jr ,(R),IL, 04,N/a,N/a,84.0,2065,843,IL04
280,Mike Quigley ,(D),IL, 05,Incumbent,Winner,70.8,1171507,926655,IL05
281,Sean Casten ,(D),IL, 06,Incumbent,Winner,52.8,5582179,5313570,IL06
282,Jeanne Ives ,(R),IL, 06,N/a,N/a,45.4,3157771,3135464,IL06
283,Bill Redpath ,(L),IL, 06,N/a,N/a,1.7,9837,9837,IL06
284,Danny K Davis ,(D),IL, 07,Incumbent,Winner,80.4,544690,505506,IL07
285,Tracy Jennings ,(3),IL, 07,N/a,N/a,6.2,65283,65283,IL07
286,Raja Krishnamoorthi ,(D),IL, 08,Incumbent,Winner,73.2,6358878,2207703,IL08
287,Jan Schakowsky ,(D),IL, 09,Incumbent,Winner,71.0,1834801,1514838,IL09
288,Sargis Sangari ,(R),IL, 09,N/a,N/a,29.0,35364,34715,IL09
289,Brad Schneider ,(D),IL, 10,Incumbent,Winner,63.8,3459512,2873333,IL10
290,Valerie Ramirez Mukherjee ,(R),IL, 10,N/a,N/a,36.2,130225,64764,IL10
291,Bill Foster ,(D),IL, 11,Incumbent,Winner,63.3,2381354,1823906,IL11
292,Rick Laib ,(R),IL, 11,N/a,N/a,36.7,20343,20064,IL11
293,Mike Bost ,(R),IL, 12,Incumbent,Winner,60.6,1918041,1509573,IL12
294,Ray Lenzi ,(D),IL, 12,N/a,N/a,39.4,161324,104809,IL12
295,Rodney Davis ,(R),IL, 13,Incumbent,Winner,54.4,4943459,4822600,IL13
296,Betsy Dirksen Londrigan ,(D),IL, 13,N/a,N/a,45.6,5297007,5281880,IL13
297,Lauren A Underwood ,(D),IL, 14,Incumbent,Winner,50.7,7803579,7301503,IL14
298,Jim Oberweis ,(R),IL, 14,N/a,N/a,49.3,2438857,2348798,IL14
299,Mary Miller ,(R),IL, 15,N/a,Winner,73.5,689057,570356,IL15
300,Erika Weaver ,(D),IL, 15,N/a,N/a,26.5,58689,23349,IL15
301,Adam Kinzinger ,(R),IL, 16,Incumbent,Winner,64.8,2105736,1588550,IL16
302,Dani Brzozowski ,(D),IL, 16,N/a,N/a,35.2,459344,376167,IL16
303,Cheri Bustos ,(D),IL, 17,Incumbent,Winner,52.0,4975192,6391009,IL17
304,Esther Joy King ,(R),IL, 17,N/a,N/a,48.0,2032878,2030587,IL17
305,Darin LaHood ,(R),IL, 18,Incumbent,Winner,70.5,3248113,1749128,IL18
306,Frank Mrvan Jr ,(D),IN, 01,N/a,Winner,56.6,578635,464407,IN01
307,Mark Leyva ,(R),IN, 01,N/a,N/a,40.4,16551,15343,IN01
308,Jackie Walorski ,(R),IN, 02,Incumbent,Winner,61.5,2383467,1698202,IN02
309,Pat Hackett ,(D),IN, 02,N/a,N/a,38.5,881888,867301,IN02
310,Jim Banks ,(R),IN, 03,Incumbent,Winner,67.8,1202509,769591,IN03
311,Chip Coldiron ,(D),IN, 03,N/a,N/a,32.2,94056,89883,IN03
312,Jim Baird ,(R),IN, 04,Incumbent,Winner,66.6,327727,190158,IN04
313,Joe Mackey ,(D),IN, 04,N/a,N/a,33.4,44585,43213,IN04
314,Christina Hale ,(D),IN, 05,N/a,N/a,45.9,4010368,3998905,IN05
315,Victoria Spartz ,(R),IN, 05,N/a,Winner,50.0,3119328,3010203,IN05
316,Greg Pence ,(R),IN, 06,Incumbent,Winner,68.7,3114448,2804148,IN06
317,Jeannine Lee Lake ,(D),IN, 06,N/a,N/a,27.7,143089,145315,IN06
318,Andre Carson ,(D),IN, 07,Incumbent,Winner,62.4,1011635,873962,IN07
319,Susan Marie Smith ,(R),IN, 07,N/a,N/a,37.6,62905,59843,IN07
320,Larry Bucshon ,(R),IN, 08,Incumbent,Winner,66.9,1051336,1078646,IN08
321,Thomasina Marsili ,(D),IN, 08,N/a,N/a,29.8,68734,68480,IN08
322,Trey Hollingsworth ,(R),IN, 09,Incumbent,Winner,60.9,1166754,501136,IN09
323,Andy Ruff ,(D),IN, 09,N/a,N/a,34.8,148263,134906,IN09
324,Tonya Millis ,(L),IN, 09,N/a,N/a,4.3,10224,10041,IN09
325,Abby Finkenauer ,(D),IA, 01,Incumbent,N/a,48.7,5901441,5875405,IA01
326,Ashley Hinson ,(R),IA, 01,N/a,Winner,51.3,5175883,5059211,IA01
327,Rita Hart ,(D),IA, 02,N/a,N/a,50.0,4232992,4114400,IA02
328,Mariannette Miller-Meeks ,(R),IA, 02,N/a,Winner,50.0,2174194,1721926,IA02
329,Cindy Axne ,(D),IA, 03,Incumbent,Winner,49.0,6236976,6236994,IA03
330,David Young ,(R),IA, 03,N/a,N/a,47.6,3170072,3094582,IA03
331,J.D. Scholten ,(D),IA, 04,N/a,N/a,62.1,2885915,2902003,IA04
332,Randy Feenstra ,(R),IA, 04,N/a,Winner,37.9,1906234,1894288,IA04
333,Tracey Mann ,(R),KS, 01,N/a,Winner,71.4,1403353,1127156,KS01
334,Kali Barnett ,(D),KS, 01,N/a,N/a,28.6,603036,592924,KS01
335,Michelle De La Isla ,(D),KS, 02,N/a,N/a,40.5,1825085,1810968,KS02
336,Jake Laturner ,(R),KS, 02,N/a,Winner,55.3,1593407,1578460,KS02
337,Sharice Davids ,(D),KS, 03,Incumbent,Winner,53.4,5638552,5168034,KS03
338,Amanda Adkins ,(R),KS, 03,N/a,N/a,43.8,2182382,2139673,KS03
339,Ron Estes ,(R),KS, 04,Incumbent,Winner,64.0,1993808,1420188,KS04
340,Laura Lombard ,(D),KS, 04,N/a,N/a,36.0,264459,258684,KS04
341,James Comer ,(R),KY, 01,Incumbent,Winner,75.0,736116,502554,KY01
342,Brett Guthrie ,(R),KY, 02,Incumbent,Winner,71.0,1412797,1566622,KY02
343,Hank Linderman ,(D),KY, 02,N/a,N/a,26.3,93388,71122,KY02
344,Robert Lee Perry ,(L),KY, 02,N/a,N/a,2.1,12798,7825,KY02
345,John Yarmuth ,(D),KY, 03,Incumbent,Winner,62.7,658295,690226,KY03
346,Rhonda Palazzo ,(R),KY, 03,N/a,N/a,37.3,46144,45668,KY03
347,Thomas Massie ,(R),KY, 04,Incumbent,Winner,67.1,1457316,1563275,KY04
348,Alexandra Owensby ,(D),KY, 04,N/a,N/a,32.9,156174,106359,KY04
349,Hal Rogers ,(R),KY, 05,Incumbent,Winner,84.2,664168,835781,KY05
350,Andy Barr ,(R),KY, 06,Incumbent,Winner,57.3,4536264,4316239,KY06
351,Josh Hicks ,(D),KY, 06,N/a,N/a,41.0,2936320,2935615,KY06
352,Steve Scalise ,(R),LA, 01,Incumbent,Winner,72.2,37262827,32830607,LA01
353,Cedric Richmond ,(D),LA, 02,Incumbent,Winner,63.6,1628289,1302079,LA02
354,Clay Higgins ,(R),LA, 03,Incumbent,Winner,67.8,751498,720424,LA03
355,Robert Jon Anderson ,(D),LA, 03,N/a,N/a,11.6,63617,48015,LA03
356,Braylon Harris ,(D),LA, 03,N/a,N/a,17.9,23006,15130,LA03
357,Mike Johnson ,(R),LA, 04,Incumbent,Winner,60.4,1299787,1039393,LA04
358,Kenny Houston ,(D),LA, 04,N/a,N/a,25.5,33677,33407,LA04
359,Luke Letlow ,(R),LA, 05,N/a,N/a,0.0,1392822,1303757,LA05
360,Lance Harris ,(R),LA, 05,N/a,N/a,0.0,696805,687833,LA05
361,Martin Lemelle ,(D),LA, 05,N/a,N/a,0.0,173796,162747,LA05
362,Scotty Robinson ,(R),LA, 05,N/a,N/a,0.0,113903,113835,LA05
363,Candy Christophe ,(D),LA, 05,N/a,N/a,0.0,77101,131161,LA05
364,Phillip Snowden ,(D),LA, 05,N/a,N/a,0.0,29481,28077,LA05
365,Matthew Hasty ,(R),LA, 05,N/a,N/a,0.0,2654,2615,LA05
366,Garret Graves ,(R),LA, 06,Incumbent,Winner,71.1,1743015,1200287,LA06
367,Dartanyon Williams ,(D),LA, 06,N/a,N/a,25.6,111316,98114,LA06
368,Chellie Pingree ,(D),ME, 01,Incumbent,Winner,61.5,487080,264790,ME01
369,Jay Allen ,(R),ME, 01,N/a,N/a,38.5,79585,69853,ME01
370,Jared Golden ,(D),ME, 02,Incumbent,Winner,52.9,5272142,5233990,ME02
371,Dale Crafts ,(R),ME, 02,N/a,N/a,47.1,1199805,1196117,ME02
372,Andy Harris ,(R),MD, 01,Incumbent,Winner,63.5,1468096,973953,MD01
373,Mia Mason ,(D),MD, 01,N/a,N/a,36.3,2524,0,MD01
374,Dutch Ruppersberger ,(D),MD, 02,Incumbent,Winner,67.2,1012835,927353,MD02
375,Johnny Ray Salling ,(R),MD, 02,N/a,N/a,32.6,68320,66895,MD02
376,John Sarbanes ,(D),MD, 03,Incumbent,Winner,69.5,573599,687299,MD03
377,Charles Anthony ,(R),MD, 03,N/a,N/a,30.3,7798,6742,MD03
378,Anthony Brown ,(D),MD, 04,Incumbent,Winner,79.3,1446636,846827,MD04
379,Steny H Hoyer ,(D),MD, 05,Incumbent,Winner,68.5,4587189,4342255,MD05
380,Chris Palombi ,(R),MD, 05,N/a,N/a,31.2,43462,42095,MD05
381,David Trone ,(D),MD, 06,Incumbent,Winner,57.9,2944893,2959748,MD06
382,Neil Parrott ,(R),MD, 06,N/a,N/a,40.2,315936,261259,MD06
383,Kweisi Mfume ,(D),MD, 07,Incumbent,Winner,71.6,1014126,713389,MD07
384,Kimberly Klacik ,(R),MD, 07,N/a,N/a,28.1,8296845,7499454,MD07
385,Amber Ivey ,(I),MD, 07,N/a,N/a,0.0,41924,43394,MD07
386,Jamie Raskin ,(D),MD, 08,Incumbent,Winner,67.3,2072652,1399252,MD08
387,Gregory Coll ,(R),MD, 08,N/a,N/a,32.5,30876,27257,MD08
388,Richard E Neal ,(D),MA, 01,Incumbent,Winner,96.5,4949384,5873122,MA01
389,James P McGovern ,(D),MA, 02,Incumbent,Winner,65.3,1052549,1089412,MA02
390,Tracy Lovvorn ,(R),MA, 02,N/a,N/a,34.6,26311,22319,MA02
391,Lori Trahan ,(D),MA, 03,Incumbent,Winner,97.7,1449303,1232437,MA03
392,Jake Auchincloss ,(D),MA, 04,N/a,Winner,60.8,2608686,2150904,MA04
393,Julie Hall ,(R),MA, 04,N/a,N/a,38.9,131603,129378,MA04
394,Katherine Clark ,(D),MA, 05,Incumbent,Winner,74.3,1788706,1514877,MA05
395,Caroline Colarusso ,(R),MA, 05,N/a,N/a,25.6,148635,146972,MA05
396,Seth Moulton ,(D),MA, 06,Incumbent,Winner,65.4,1289805,1802169,MA06
397,John Paul Moran ,(R),MA, 06,N/a,N/a,34.4,300220,299104,MA06
398,Ayanna Pressley ,(D),MA, 07,Incumbent,Winner,86.6,2163370,1748432,MA07
399,Stephen Lynch ,(D),MA, 08,Incumbent,Winner,80.7,905614,1134662,MA08
400,Bill Keating ,(D),MA, 09,Incumbent,Winner,61.3,708680,652448,MA09
401,Helen Brady ,(R),MA, 09,N/a,N/a,36.3,28233,23735,MA09
402,John Bergman ,(R),MI, 01,Incumbent,Winner,61.6,1868512,1733466,MI01
403,Dana Ferguson ,(D),MI, 01,N/a,N/a,36.9,346213,339788,MI01
404,Bill Huizenga ,(R),MI, 02,Incumbent,Winner,59.2,2175411,1883610,MI02
405,Bryan Berghoef ,(D),MI, 02,N/a,N/a,38.2,751576,669864,MI02
406,Jean-Michel Creviere ,(3),MI, 02,N/a,N/a,0.7,281,1207,MI02
407,Hillary Scholten ,(D),MI, 03,N/a,N/a,47.0,3793132,3765942,MI03
408,Peter Meijer ,(R),MI, 03,N/a,Winner,53.0,2975972,2887774,MI03
409,John Moolenaar ,(R),MI, 04,Incumbent,Winner,65.0,1528612,1036160,MI04
410,Jerry Hilliard ,(D),MI, 04,N/a,N/a,32.4,23117,23603,MI04
411,Dan Kildee ,(D),MI, 05,Incumbent,Winner,54.5,1669951,1504094,MI05
412,Tim Kelly ,(R),MI, 05,N/a,N/a,41.7,71106,71106,MI05
413,Fred Upton ,(R),MI, 06,Incumbent,Winner,55.8,3616380,3464617,MI06
414,Jon Hoadley ,(D),MI, 06,N/a,N/a,40.1,3116491,3098366,MI06
415,Tim Walberg ,(R),MI, 07,Incumbent,Winner,58.8,2301635,1586358,MI07
416,Gretchen Driskell ,(D),MI, 07,N/a,N/a,41.3,1712840,1712840,MI07
417,Elissa Slotkin ,(D),MI, 08,Incumbent,Winner,50.9,8967420,7419974,MI08
418,Paul Junge ,(R),MI, 08,N/a,N/a,47.3,2107608,2097131,MI08
419,Andy Levin ,(D),MI, 09,Incumbent,Winner,57.8,1316607,907237,MI09
420,Lisa McClain ,(R),MI, 10,N/a,Winner,66.3,2266287,2137031,MI10
421,Kimberly Bizon ,(D),MI, 10,N/a,N/a,33.7,41438,41246,MI10
422,Haley Stevens ,(D),MI, 11,Incumbent,Winner,50.2,5776924,5707448,MI11
423,Eric Esshaki ,(R),MI, 11,N/a,N/a,47.8,1298612,1291509,MI11
424,Debbie Dingell ,(D),MI, 12,Incumbent,Winner,66.4,1630498,1689582,MI12
425,Jeff Jones ,(R),MI, 12,N/a,N/a,30.7,10616,9657,MI12
426,Rashida Tlaib ,(D),MI, 13,Incumbent,Winner,77.9,4014411,3690334,MI13
427,Donald Eason ,(I),MI, 13,N/a,N/a,0.0,34156,34156,MI13
428,Brenda Lawrence ,(D),MI, 14,Incumbent,Winner,78.9,1084662,789570,MI14
429,Vance Patrick ,(R),MI, 14,N/a,N/a,18.7,39670,41973,MI14
430,Jim Hagedorn ,(R),MN, 01,Incumbent,Winner,48.6,2386033,2305994,MN01
431,Daniel Feehan ,(D),MN, 01,N/a,N/a,45.5,4861651,4863835,MN01
432,Angie Craig ,(D),MN, 02,Incumbent,Winner,48.2,5380101,4435492,MN02
433,Tyler Kistner ,(R),MN, 02,N/a,N/a,45.9,2990054,2956042,MN02
434,Dean Phillips ,(D),MN, 03,Incumbent,Winner,55.6,2328616,2152031,MN03
435,Kendall Qualls ,(R),MN, 03,N/a,N/a,44.3,1863927,1751214,MN03
436,Gary Heyer ,(I),MN, 03,N/a,N/a,0.0,827,827,MN03
437,Betty McCollum ,(D),MN, 04,Incumbent,Winner,63.2,1171748,994072,MN04
438,Gene Rechtzigel ,(R),MN, 04,N/a,N/a,29.0,20075,20075,MN04
439,Ilhan Omar ,(D),MN, 05,Incumbent,Winner,64.3,5718517,5605576,MN05
440,Lacy Johnson ,(R),MN, 05,N/a,N/a,25.8,12050564,12000896,MN05
441,Chris Kelley ,(3),MN, 05,N/a,N/a,0.0,249583,249583,MN05
442,Ervan Katari Miller ,(I),MN, 05,N/a,N/a,0.0,255,187,MN05
443,Tom Emmer ,(R),MN, 06,Incumbent,Winner,65.5,2804265,2537612,MN06
444,Tawnja Zahradka ,(D),MN, 06,N/a,N/a,34.3,49242,49214,MN06
445,Collin Peterson ,(D),MN, 07,Incumbent,N/a,39.9,2714012,2867577,MN07
446,Michelle Fischbach ,(R),MN, 07,N/a,Winner,53.4,2618450,2580501,MN07
447,Pete Stauber ,(R),MN, 08,Incumbent,Winner,56.7,2593190,2608759,MN08
448,Quinn Nystrom ,(D),MN, 08,N/a,N/a,37.6,1530606,1527005,MN08
449,Trent Kelly ,(R),MS, 01,Incumbent,Winner,68.7,876882,826673,MS01
450,Antonia Eliason ,(D),MS, 01,N/a,N/a,31.3,22281,18174,MS01
451,Bennie G Thompson ,(D),MS, 02,Incumbent,Winner,66.0,1377392,1096904,MS02
452,Michael Guest ,(R),MS, 03,Incumbent,Winner,64.7,766807,518162,MS03
453,Steven Palazzo ,(R),MS, 04,Incumbent,Winner,100.0,817129,747217,MS04
454,Cori Bush ,(D),MO, 01,N/a,Winner,78.8,1418014,1333512,MO01
455,Ann Wagner ,(R),MO, 02,Incumbent,Winner,52.0,5598287,6513101,MO02
456,Jill Schupp ,(D),MO, 02,N/a,N/a,45.4,4850948,4830434,MO02
457,Blaine Luetkemeyer ,(R),MO, 03,Incumbent,Winner,69.4,2022905,2081391,MO03
458,Vicky Hartzler ,(R),MO, 04,Incumbent,Winner,67.6,1700978,1335607,MO04
459,Lindsey Simmons ,(D),MO, 04,N/a,N/a,29.7,395934,384622,MO04
460,Emanuel Cleaver ,(D),MO, 05,Incumbent,Winner,58.5,1393847,928061,MO05
461,Ryan Derks ,(R),MO, 05,N/a,N/a,38.7,76488,76488,MO05
462,Sam Graves ,(R),MO, 06,Incumbent,Winner,67.1,1959516,1654756,MO06
463,Gena Ross ,(D),MO, 06,N/a,N/a,30.8,10170,10530,MO06
464,Billy Long ,(R),MO, 07,Incumbent,Winner,68.7,1320420,1518234,MO07
465,Audrey Richards ,(I),MO, 07,N/a,N/a,0.0,7985,8113,MO07
466,Jason Smith ,(R),MO, 08,Incumbent,Winner,76.9,1900227,1514786,MO08
467,Kathryn Ellis ,(D),MO, 08,N/a,N/a,21.4,302428,305387,MO08
468,Kathleen Williams ,(D),MT, 01,N/a,N/a,43.6,6201758,6232286,MT01
469,Matt Rosendale ,(R),MT, 01,N/a,Winner,56.4,3674706,3488045,MT01
470,Jeff Fortenberry ,(R),NE, 01,Incumbent,Winner,59.5,1472816,2458330,NE01
471,Kate Bolz ,(D),NE, 01,N/a,N/a,37.7,1143509,1140371,NE01
472,Don Bacon ,(R),NE, 02,Incumbent,Winner,50.6,3749272,3713961,NE02
473,Kara Eastman ,(D),NE, 02,N/a,N/a,46.3,4414390,4468006,NE02
474,Adrian Smith ,(R),NE, 03,Incumbent,Winner,78.5,1506473,1148409,NE03
475,Mark Elworth Jr ,(D),NE, 03,N/a,N/a,17.7,255,0,NE03
476,Dina Titus ,(D),NV, 01,Incumbent,Winner,61.8,706193,587919,NV01
477,Mark Amodei ,(R),NV, 02,Incumbent,Winner,56.5,1048056,1016673,NV02
478,Patricia Ackerman ,(D),NV, 02,N/a,N/a,40.7,449363,449449,NV02
479,Susie Lee ,(D),NV, 03,Incumbent,Winner,48.8,4748019,4732009,NV03
480,Dan Rodimer ,(R),NV, 03,N/a,N/a,45.8,2936059,2915216,NV03
481,Steven Horsford ,(D),NV, 04,Incumbent,Winner,50.7,3492372,3024427,NV04
482,Jim Marchant ,(R),NV, 04,N/a,N/a,45.8,1462772,1419405,NV04
483,Jonathan Royce Esteban ,(L),NV, 04,N/a,N/a,2.4,2788,1603,NV04
484,Chris Pappas ,(D),NH, 01,Incumbent,Winner,51.3,3205731,3105663,NH01
485,Matt Mowers ,(R),NH, 01,N/a,N/a,46.2,1707214,1698761,NH01
486,Ann Kuster ,(D),NH, 02,Incumbent,Winner,53.9,2960033,2970274,NH02
487,Steve Negron ,(R),NH, 02,N/a,N/a,43.7,368177,378959,NH02
488,Don Norcross ,(D),NJ, 01,Incumbent,Winner,62.5,2221989,1087264,NJ01
489,Claire Gustafson ,(R),NJ, 01,N/a,N/a,37.5,36520,21761,NJ01
490,Jeff Van Drew ,(R),NJ, 02,Incumbent,Winner,51.9,4229171,4041493,NJ02
491,Amy Kennedy ,(D),NJ, 02,N/a,N/a,46.2,4984376,4978913,NJ02
492,Andy Kim ,(D),NJ, 03,Incumbent,Winner,53.2,7241283,6753262,NJ03
493,David Richter ,(R),NJ, 03,N/a,N/a,45.5,1473669,1470648,NJ03
494,Chris Smith ,(R),NJ, 04,Incumbent,Winner,59.9,1383085,1284522,NJ04
495,Stephanie Schmid ,(D),NJ, 04,N/a,N/a,38.3,699580,658011,NJ04
496,Josh Gottheimer ,(D),NJ, 05,Incumbent,Winner,53.2,7694027,3487964,NJ05
497,Frank Pallotta ,(R),NJ, 05,N/a,N/a,45.6,1972033,1948705,NJ05
498,Louis A. Vellucci ,(I),NJ, 05,N/a,N/a,1.2,5456,5342,NJ05
499,Frank Pallone Jr. ,(D),NJ, 06,Incumbent,Winner,61.2,3231755,2021737,NJ06
500,Tom Malinowski ,(D),NJ, 07,Incumbent,Winner,50.6,7414403,7423758,NJ07
501,Tom Kean ,(R),NJ, 07,N/a,N/a,49.4,3869121,3775442,NJ07
502,Albio Sires ,(D),NJ, 08,Incumbent,Winner,74.0,605810,551325,NJ08
503,Bill Pascrell Jr. ,(D),NJ, 09,Incumbent,Winner,65.8,1560550,1795410,NJ09
504,Billy Prempeh ,(R),NJ, 09,N/a,N/a,31.9,44269,35075,NJ09
505,Donald M Payne Jr. ,(D),NJ, 10,Incumbent,Winner,83.3,593735,457252,NJ10
506,Mikie Sherrill ,(D),NJ, 11,Incumbent,Winner,53.3,6419707,3733106,NJ11
507,Rosemary Becchi ,(R),NJ, 11,N/a,N/a,46.7,1687532,1686236,NJ11
508,Bonnie Watson Coleman ,(D),NJ, 12,Incumbent,Winner,65.6,798439,840651,NJ12
509,Mark Razzoli ,(R),NJ, 12,N/a,N/a,32.6,3065,1142,NJ12
510,Debra Haaland ,(D),NM, 01,Incumbent,Winner,58.1,2246734,1875766,NM01
511,Michelle Garcia Holmes ,(R),NM, 01,N/a,N/a,41.9,257294,245590,NM01
512,Xochitl Torres Small ,(D),NM, 02,Incumbent,N/a,46.3,8387337,8539065,NM02
513,Yvette Herrell ,(R),NM, 02,N/a,Winner,53.7,2805711,2921785,NM02
514,Steve Jones ,(I),NM, 02,N/a,N/a,0.0,9405,9505,NM02
515,Teresa Leger Fernandez ,(D),NM, 03,N/a,Winner,58.7,2296594,2132010,NM03
516,Alexis Johnson ,(R),NM, 03,N/a,N/a,41.3,147303,147303,NM03
517,Lee Zeldin ,(R),NY, 01,Incumbent,Winner,55.9,8396981,8250116,NY01
518,Nancy Goroff ,(D),NY, 01,N/a,N/a,44.1,7866239,7860977,NY01
519,Jackie Gordon ,(D),NY, 02,N/a,N/a,46.0,4351881,4334484,NY02
520,Andrew Garbarino ,(R),NY, 02,N/a,Winner,52.9,1743986,1612132,NY02
521,Harry Burger ,(3),NY, 02,N/a,N/a,1.0,2430,594,NY02
522,Tom Suozzi ,(D),NY, 03,Incumbent,Winner,53.2,2941006,2331302,NY03
523,George Devolder-Santos ,(R),NY, 03,N/a,N/a,46.2,658883,591239,NY03
524,Joshua Sauberman ,(I),NY, 03,N/a,N/a,0.0,127,270,NY03
525,Kathleen Rice ,(D),NY, 04,Incumbent,Winner,52.0,1106258,1210410,NY04
526,Douglas Tuman ,(R),NY, 04,N/a,N/a,47.3,134937,130995,NY04
527,Ed Dennehy ,(I),NY, 04,N/a,N/a,0.0,9031,9031,NY04
528,Gregory Meeks ,(D),NY, 05,Incumbent,Winner,99.0,2097572,1467454,NY05
529,Amit Lal ,(I),NY, 05,N/a,N/a,0.0,126,0,NY05
530,Grace Meng ,(D),NY, 06,Incumbent,Winner,62.6,1292084,1872311,NY06
531,Thomas Zmich ,(R),NY, 06,N/a,N/a,37.4,133403,131278,NY06
532,Nydia Velazquez ,(D),NY, 07,Incumbent,Winner,83.0,803217,676248,NY07
533,Hakeem Jeffries ,(D),NY, 08,Incumbent,Winner,82.5,4168717,3293077,NY08
534,Yvette Clarke ,(D),NY, 09,Incumbent,Winner,81.5,1200067,1190143,NY09
535,Jerrold Nadler ,(D),NY, 10,Incumbent,Winner,68.5,1848688,1950774,NY10
536,Cathy Bernstein ,(R),NY, 10,N/a,N/a,30.1,49975,28384,NY10
537,Jeanne Nigro ,(I),NY, 10,N/a,N/a,0.0,34548,28039,NY10
538,Michael Madrid ,(L),NY, 10,N/a,N/a,1.2,14326,12149,NY10
539,Max Rose ,(D),NY, 11,Incumbent,N/a,42.0,9284434,9499242,NY11
540,Nicole Malliotakis ,(R),NY, 11,N/a,Winner,57.8,3469995,3447052,NY11
541,Kemi Akindude ,(I),NY, 11,N/a,N/a,0.0,21261,14697,NY11
542,Carolyn Maloney ,(D),NY, 12,Incumbent,Winner,78.9,3067173,3059202,NY12
543,Adriano Espaillat ,(D),NY, 13,Incumbent,Winner,86.0,1087237,1252740,NY13
544,Lovelynn Gwinn ,(R),NY, 13,N/a,N/a,8.0,39384,39384,NY13
545,Alexandria Ocasio-Cortez ,(D),NY, 14,Incumbent,Winner,68.7,20664795,16735422,NY14
546,John C. Cummings ,(R),NY, 14,N/a,N/a,30.5,11140937,10947758,NY14
547,Ritchie Torres ,(D),NY, 15,N/a,Winner,88.2,2194025,1804336,NY15
548,Jamaal Bowman ,(D),NY, 16,N/a,Winner,82.9,2878898,2801424,NY16
549,Mondaire Jones ,(D),NY, 17,N/a,Winner,54.1,2984052,2186463,NY17
550,Maureen McArdle Schulman ,(R),NY, 17,N/a,N/a,39.8,54732,60084,NY17
551,Michael Parietti ,(3),NY, 17,N/a,N/a,0.9,44787,19670,NY17
552,Sean Patrick Maloney ,(D),NY, 18,Incumbent,Winner,51.8,2556294,1718525,NY18
553,Chele Farley ,(R),NY, 18,N/a,N/a,47.3,1186211,1152124,NY18
554,Scott Smith ,(I),NY, 18,N/a,N/a,0.9,8718,8403,NY18
555,Antonio Delgado ,(D),NY, 19,Incumbent,Winner,51.5,5949475,2963286,NY19
556,Kyle Van De Water ,(R),NY, 19,N/a,N/a,45.9,153796,120097,NY19
557,Paul Tonko ,(D),NY, 20,Incumbent,Winner,56.5,1541984,1418994,NY20
558,Elizabeth Joy ,(R),NY, 20,N/a,N/a,43.4,370852,336845,NY20
559,Elise Stefanik ,(R),NY, 21,Incumbent,Winner,64.4,13287248,11655936,NY21
560,Tedra Cobb ,(D),NY, 21,N/a,N/a,35.6,5586793,5593266,NY21
561,Anthony Brindisi ,(D),NY, 22,Incumbent,N/a,0.0,6020190,5772429,NY22
562,Claudia Tenney ,(R),NY, 22,N/a,N/a,0.0,3051777,2725893,NY22
563,Tom Reed ,(R),NY, 23,Incumbent,Winner,57.7,3275177,3145027,NY23
564,Tracy Mitrano ,(D),NY, 23,N/a,N/a,41.4,1450322,1466128,NY23
565,John Katko ,(R),NY, 24,Incumbent,Winner,53.1,3821107,3597234,NY24
566,Dana Balter ,(D),NY, 24,N/a,N/a,43.0,3212469,3230808,NY24
567,Joseph D Morelle ,(D),NY, 25,Incumbent,Winner,59.3,1375366,1274426,NY25
568,George Mitris ,(R),NY, 25,N/a,N/a,39.1,301376,279047,NY25
569,Kevin Wilson ,(L),NY, 25,N/a,N/a,1.5,5128,3417,NY25
570,Brian Higgins ,(D),NY, 26,Incumbent,Winner,69.8,1124168,984106,NY26
571,Chris Jacobs ,(R),NY, 27,Incumbent,Winner,59.7,2147101,2084271,NY27
572,Nate McMurray ,(D),NY, 27,N/a,N/a,39.0,1150058,1097111,NY27
573,Duane Whitmer ,(L),NY, 27,N/a,N/a,1.3,36056,36056,NY27
574,G K Butterfield ,(D),NC, 01,Incumbent,Winner,54.2,1032869,880420,NC01
575,Sandy Smith ,(R),NC, 01,N/a,N/a,45.8,1458375,1437805,NC01
576,Deborah Ross ,(D),NC, 02,N/a,Winner,63.0,2268381,1816923,NC02
577,Alan Swain ,(R),NC, 02,N/a,N/a,34.8,119664,119435,NC02
578,Japheth Matemu ,(L),NC, 02,N/a,N/a,2.2,625,54,NC02
579,Greg Murphy ,(R),NC, 03,Incumbent,Winner,63.4,1767790,1505559,NC03
580,David Price ,(D),NC, 04,Incumbent,Winner,67.3,1161738,1014872,NC04
581,Virginia Foxx ,(R),NC, 05,Incumbent,Winner,66.9,1858388,1944629,NC05
582,David Wilson Brown ,(D),NC, 05,N/a,N/a,31.1,61596,60668,NC05
583,Kathy Manning ,(D),NC, 06,N/a,Winner,62.3,2002284,1695596,NC06
584,Lee Haywood ,(R),NC, 06,N/a,N/a,37.7,73878,58342,NC06
585,Jennyfer Bucardo ,(I),NC, 06,N/a,N/a,0.0,750,759,NC06
586,David Rouzer ,(R),NC, 07,Incumbent,Winner,60.3,1628458,1038883,NC07
587,Christopher Ward ,(D),NC, 07,N/a,N/a,39.6,16260,4119,NC07
588,Richard Hudson ,(R),NC, 08,Incumbent,Winner,53.3,4135872,4359009,NC08
589,Patricia Timmons-Goodson ,(D),NC, 08,N/a,N/a,46.7,3855743,3852668,NC08
590,Dan Bishop ,(R),NC, 09,Incumbent,Winner,55.6,4090260,4029864,NC09
591,Cynthia Wallace ,(D),NC, 09,N/a,N/a,44.4,811609,794300,NC09
592,Patrick McHenry ,(R),NC, 10,Incumbent,Winner,68.9,2780234,2339363,NC10
593,David Parker ,(D),NC, 10,N/a,N/a,31.1,30555,30555,NC10
594,Madison Cawthorn ,(R),NC, 11,N/a,Winner,54.5,4478970,4366783,NC11
595,Moe Davis ,(D),NC, 11,N/a,N/a,42.3,2251413,2148121,NC11
596,Alma Adams ,(D),NC, 12,Incumbent,Winner,100.0,824124,651883,NC12
597,Bill Brewster ,(R),NC, 12,N/a,N/a,0.0,21950,16763,NC12
598,Ted Budd ,(R),NC, 13,Incumbent,Winner,68.2,2294174,1293414,NC13
599,Scott Huffman ,(D),NC, 13,N/a,N/a,31.8,193334,189967,NC13
600,Kelly Armstrong ,(R),ND, 01,Incumbent,Winner,69.0,1269346,1080105,ND01
601,Zach Raknerud ,(D),ND, 01,N/a,N/a,27.6,28047,26029,ND01
602,Steve Chabot ,(R),OH, 01,Incumbent,Winner,51.8,3177647,2861464,OH01
603,Kate Schroder ,(D),OH, 01,N/a,N/a,44.7,4040303,4039798,OH01
604,Kevin Kahn ,(L),OH, 01,N/a,N/a,3.6,12085,8398,OH01
605,Brad Wenstrup ,(R),OH, 02,Incumbent,Winner,61.1,1794354,1757078,OH02
606,Jaime Castle ,(D),OH, 02,N/a,N/a,38.9,284197,271471,OH02
607,Joyce Beatty ,(D),OH, 03,Incumbent,Winner,70.8,2237887,2540687,OH03
608,Nicholas Moss ,(I),OH, 03,N/a,N/a,0.0,1258,1248,OH03
609,Jim Jordan ,(R),OH, 04,Incumbent,Winner,67.9,18313823,12945651,OH04
610,Chris Gibbs ,(I),OH, 04,N/a,N/a,0.0,65807,65807,OH04
611,Bob Latta ,(R),OH, 05,Incumbent,Winner,68.0,1580952,1477090,OH05
612,Nick Rubando ,(D),OH, 05,N/a,N/a,32.0,249319,247423,OH05
613,Bill Johnson ,(R),OH, 06,Incumbent,Winner,74.4,1866123,1853361,OH06
614,Shawna Roberts ,(D),OH, 06,N/a,N/a,25.6,262,574,OH06
615,Bob Gibbs ,(R),OH, 07,Incumbent,Winner,67.5,791888,453928,OH07
616,Quentin Potter ,(D),OH, 07,N/a,N/a,29.2,12976,12976,OH07
617,Brandon Lape ,(L),OH, 07,N/a,N/a,3.3,3348,2713,OH07
618,Warren Davidson ,(R),OH, 08,Incumbent,Winner,69.0,1016740,841533,OH08
619,Vanessa Enoch ,(D),OH, 08,N/a,N/a,31.0,40270,37546,OH08
620,Marcy Kaptur ,(D),OH, 09,Incumbent,Winner,63.1,1090395,979798,OH09
621,Rob Weber ,(R),OH, 09,N/a,N/a,36.9,134898,123262,OH09
622,Michael R Turner ,(R),OH, 10,Incumbent,Winner,58.4,1752255,1736283,OH10
623,Desiree Tims ,(D),OH, 10,N/a,N/a,41.6,2040760,2024010,OH10
624,Marcia Fudge ,(D),OH, 11,Incumbent,Winner,80.1,755787,499820,OH11
625,Laverne Gore ,(R),OH, 11,N/a,N/a,20.0,157044,156827,OH11
626,Troy Balderson ,(R),OH, 12,Incumbent,Winner,55.2,2016826,1995665,OH12
627,Alaina Shearer ,(D),OH, 12,N/a,N/a,41.8,1033711,1025410,OH12
628,John Stewart ,(L),OH, 12,N/a,N/a,3.0,75170,66382,OH12
629,Tim Ryan ,(D),OH, 13,Incumbent,Winner,52.5,1972446,2071454,OH13
630,Christina Hagan ,(R),OH, 13,N/a,N/a,44.9,861723,820660,OH13
631,David P Joyce ,(R),OH, 14,Incumbent,Winner,60.1,2917696,2501449,OH14
632,Hillary O'Connor Mueri ,(D),OH, 14,N/a,N/a,39.9,579877,574646,OH14
633,Steve Stivers ,(R),OH, 15,Incumbent,Winner,63.4,3004799,2293101,OH15
634,Joel Newby ,(D),OH, 15,N/a,N/a,36.6,55797,55797,OH15
635,Anthony Gonzalez ,(R),OH, 16,Incumbent,Winner,63.2,2338195,1839807,OH16
636,Aaron Godfrey ,(D),OH, 16,N/a,N/a,36.8,60294,60430,OH16
637,Kevin Hern ,(R),OK, 01,Incumbent,Winner,63.7,1094104,830366,OK01
638,Kojo Asamoa-Caesar ,(D),OK, 01,N/a,N/a,32.7,157355,173928,OK01
639,Markwayne Mullin ,(R),OK, 02,Incumbent,Winner,75.0,1660206,1077939,OK02
640,Danyell Lanier ,(D),OK, 02,N/a,N/a,22.0,41730,41722,OK02
641,Frank D Lucas ,(R),OK, 03,Incumbent,Winner,78.5,872749,1036145,OK03
642,Tom Cole ,(R),OK, 04,Incumbent,Winner,67.8,1812530,1753697,OK04
643,Mary Brannon ,(D),OK, 04,N/a,N/a,28.8,-2084,1599,OK04
644,Kendra Horn ,(D),OK, 05,Incumbent,N/a,47.9,5949800,5946195,OK05
645,Stephanie Bice ,(R),OK, 05,N/a,Winner,52.1,3720520,3508929,OK05
646,Suzanne Bonamici ,(D),OR, 01,Incumbent,Winner,64.6,959223,864627,OR01
647,Chris Christensen ,(R),OR, 01,N/a,N/a,35.2,144,672,OR01
648,Cliff Bentz ,(R),OR, 02,N/a,Winner,60.0,1450780,1361727,OR02
649,Alex Spenser ,(D),OR, 02,N/a,N/a,36.9,20640,5089,OR02
650,Earl Blumenauer ,(D),OR, 03,Incumbent,Winner,73.0,1813365,1948453,OR03
651,Joanna Harbour ,(R),OR, 03,N/a,N/a,23.5,17681,14502,OR03
652,Peter DeFazio ,(D),OR, 04,Incumbent,Winner,51.6,5182843,5781074,OR04
653,Alek Skarlatos ,(R),OR, 04,N/a,N/a,46.2,5454621,5331264,OR04
654,Kurt Schrader ,(D),OR, 05,Incumbent,Winner,51.9,2018692,1922073,OR05
655,Amy Ryan Courser ,(R),OR, 05,N/a,N/a,45.2,231624,221041,OR05
656,Brian Fitzpatrick ,(R),PA, 01,Incumbent,Winner,58.7,4203825,4272135,PA01
657,Christina Finello ,(D),PA, 01,N/a,N/a,41.3,2336814,2329748,PA01
658,Brendan Boyle ,(D),PA, 02,Incumbent,Winner,65.1,1556650,756317,PA02
659,Dwight Evans ,(D),PA, 03,Incumbent,Winner,87.5,942386,781265,PA03
660,Madeleine Dean ,(D),PA, 04,Incumbent,Winner,56.0,1435995,1005928,PA04
661,Kathy Barnette ,(R),PA, 04,N/a,N/a,44.0,1000389,884640,PA04
662,Joe Tarshish ,(I),PA, 04,N/a,N/a,0.0,24038,23738,PA04
663,Mary Gay Scanlon ,(D),PA, 05,Incumbent,Winner,60.3,1455042,1350276,PA05
664,Dasha Pruett ,(R),PA, 05,N/a,N/a,39.7,105146,82437,PA05
665,Chrissy Houlahan ,(D),PA, 06,Incumbent,Winner,54.7,3484484,1327283,PA06
666,John Emmons ,(R),PA, 06,N/a,N/a,45.3,608859,601390,PA06
667,John McHugh ,(I),PA, 06,N/a,N/a,0.0,6165,4410,PA06
668,Susan Wild ,(D),PA, 07,Incumbent,Winner,51.7,4581056,4528267,PA07
669,Matt Cartwright ,(D),PA, 08,Incumbent,Winner,51.7,3885136,4144070,PA08
670,Jim Bognet ,(R),PA, 08,N/a,N/a,48.3,1519527,1386040,PA08
671,Dan Meuser ,(R),PA, 09,Incumbent,Winner,68.2,1071961,944010,PA09
672,Gary Wegman ,(D),PA, 09,N/a,N/a,31.8,188787,187348,PA09
673,Scott Perry ,(R),PA, 10,Incumbent,N/a,53.4,3956481,3839197,PA10
674,Eugene DePasquale ,(D),PA, 10,N/a,N/a,46.6,4534580,4526684,PA10
675,Lloyd Smucker ,(R),PA, 11,Incumbent,Winner,69.2,1349318,662704,PA11
676,Sarah Hammond ,(D),PA, 11,N/a,N/a,30.8,28733,23458,PA11
677,Fred Keller ,(R),PA, 12,Incumbent,Winner,71.8,1541938,1066158,PA12
678,Lee Griffin ,(D),PA, 12,N/a,N/a,28.2,45850,44571,PA12
679,Liz Terwilliger ,(L),PA, 12,N/a,N/a,0.0,6211,5937,PA12
680,John Joyce ,(R),PA, 13,Incumbent,Winner,79.0,1119769,461229,PA13
681,Todd Rowley ,(D),PA, 13,N/a,N/a,21.0,60348,67527,PA13
682,Guy Reschenthaler ,(R),PA, 14,Incumbent,Winner,67.8,2250282,1580488,PA14
683,Bill Marx ,(D),PA, 14,N/a,N/a,32.2,60403,45959,PA14
684,Glenn Thompson ,(R),PA, 15,Incumbent,Winner,76.3,1700061,1839073,PA15
685,Mike Kelly ,(R),PA, 16,Incumbent,Winner,67.2,2239488,1319340,PA16
686,Kristy Gnibus ,(D),PA, 16,N/a,N/a,32.8,584205,579453,PA16
687,Conor Lamb ,(D),PA, 17,Incumbent,Winner,51.1,4063114,3448850,PA17
688,Sean Parnell ,(R),PA, 17,N/a,N/a,48.9,3935774,3732399,PA17
689,Mike Doyle ,(D),PA, 18,Incumbent,Winner,64.6,1008711,999692,PA18
690,Luke Negron ,(R),PA, 18,N/a,N/a,35.4,57714,51666,PA18
691,David Cicilline ,(D),RI, 01,Incumbent,Winner,70.8,1574854,1743173,RI01
692,Jim Langevin ,(D),RI, 02,Incumbent,Winner,58.2,1102312,1422339,RI02
693,Bob Lancia ,(R),RI, 02,N/a,N/a,41.5,55549,47877,RI02
694,Joe Cunningham ,(D),SC, 01,Incumbent,N/a,49.3,6941746,6993962,SC01
695,Nancy Mace ,(R),SC, 01,N/a,Winner,50.6,5766726,5707239,SC01
696,Joe Wilson ,(R),SC, 02,Incumbent,Winner,55.7,1648065,1723956,SC02
697,Adair Boroughs ,(D),SC, 02,N/a,N/a,42.6,2510526,2507664,SC02
698,Jeff Duncan ,(R),SC, 03,Incumbent,Winner,71.2,1509647,1271872,SC03
699,Hosea Cleveland ,(D),SC, 03,N/a,N/a,28.7,43214,45107,SC03
700,William Timmons ,(R),SC, 04,Incumbent,Winner,61.6,977784,982233,SC04
701,Kim Nelson ,(D),SC, 04,N/a,N/a,36.9,167825,167508,SC04
702,Ralph Norman ,(R),SC, 05,Incumbent,Winner,60.1,991246,859747,SC05
703,Moe Brown ,(D),SC, 05,N/a,N/a,39.9,480648,477295,SC05
704,James E Clyburn ,(D),SC, 06,Incumbent,Winner,68.2,3406945,2332128,SC06
705,Tom Rice ,(R),SC, 07,Incumbent,Winner,61.8,1405738,1242208,SC07
706,Melissa Watson ,(D),SC, 07,N/a,N/a,38.1,147623,147623,SC07
707,Larry Guy Hammond ,(L),SC, 07,N/a,N/a,0.0,199,199,SC07
708,Dusty Johnson ,(R),SD, 01,Incumbent,Winner,81.8,1693504,699356,SD01
709,Diana Harshbarger ,(R),TN, 01,N/a,Winner,74.8,2126946,1869100,TN01
710,Blair Nicole Walsingham ,(D),TN, 01,N/a,N/a,22.4,140209,134995,TN01
711,Tim Burchett ,(R),TN, 02,Incumbent,Winner,67.7,1336276,878488,TN02
712,Renee Hoyos ,(D),TN, 02,N/a,N/a,31.0,812784,816793,TN02
713,Chuck Fleischmann ,(R),TN, 03,Incumbent,Winner,67.3,1051653,381411,TN03
714,Meg Gorman ,(D),TN, 03,N/a,N/a,30.5,85843,77760,TN03
715,Scott Desjarlais ,(R),TN, 04,Incumbent,Winner,66.7,331464,392499,TN04
716,Christopher Hale ,(D),TN, 04,N/a,N/a,33.3,308731,302996,TN04
717,Jim Cooper ,(D),TN, 05,Incumbent,Winner,100.0,936569,1332131,TN05
718,John Rose ,(R),TN, 06,Incumbent,Winner,73.7,1050429,625688,TN06
719,Mark Green ,(R),TN, 07,Incumbent,Winner,69.9,1194960,935487,TN07
720,Kiran Sreepada ,(D),TN, 07,N/a,N/a,27.3,206644,207191,TN07
721,Ronald Brown ,(I),TN, 07,N/a,N/a,2.2,1750,0,TN07
722,Scott Vieira Jr ,(I),TN, 07,N/a,N/a,0.6,655,1049,TN07
723,David Kustoff ,(R),TN, 08,Incumbent,Winner,68.5,1641217,999285,TN08
724,Erika Stotts Pearson ,(D),TN, 08,N/a,N/a,29.5,19070,15883,TN08
725,Steve Cohen ,(D),TN, 09,Incumbent,Winner,77.4,607570,457311,TN09
726,Charlotte Bergmann ,(R),TN, 09,N/a,N/a,20.1,99147,100532,TN09
727,Dennis Clark ,(I),TN, 09,N/a,N/a,1.6,9991,9919,TN09
728,Louie Gohmert ,(R),TX, 01,Incumbent,Winner,72.6,552915,580441,TX01
729,Hank Gilbert ,(D),TX, 01,N/a,N/a,27.4,968155,734411,TX01
730,Dan Crenshaw ,(R),TX, 02,Incumbent,Winner,55.6,19427865,17596329,TX02
731,Sima Ladjevardian ,(D),TX, 02,N/a,N/a,42.8,3832697,3825287,TX02
732,Elliott Scheirman ,(L),TX, 02,N/a,N/a,1.6,15374,14296,TX02
733,Van Taylor ,(R),TX, 03,Incumbent,Winner,55.1,2655327,2825378,TX03
734,Helane Seikaly ,(D),TX, 03,N/a,N/a,42.9,1635185,1634843,TX03
735,Patrick Fallon ,(R),TX, 04,N/a,Winner,75.1,257174,95065,TX04
736,Tracy Shawn Jones ,(I),TX, 04,N/a,N/a,0.4,13002,10595,TX04
737,Lance Gooden ,(R),TX, 05,Incumbent,Winner,62.0,1610327,1311983,TX05
738,Carolyn Salter ,(D),TX, 05,N/a,N/a,35.9,317848,289112,TX05
739,Kevin Hale ,(L),TX, 05,N/a,N/a,2.1,18405,6508,TX05
740,Ron Wright ,(R),TX, 06,Incumbent,Winner,52.8,912134,907693,TX06
741,Stephen Daniel ,(D),TX, 06,N/a,N/a,44.0,680402,677568,TX06
742,Lizzie Fletcher ,(D),TX, 07,Incumbent,Winner,50.8,6265165,6246136,TX07
743,Wesley Hunt ,(R),TX, 07,N/a,N/a,47.5,7524064,7300122,TX07
744,Kevin Brady ,(R),TX, 08,Incumbent,Winner,72.5,3570477,3190447,TX08
745,Elizabeth Hernandez ,(D),TX, 08,N/a,N/a,25.5,17227,14981,TX08
746,Al Green ,(D),TX, 09,Incumbent,Winner,75.5,460332,486155,TX09
747,Johnny Teague ,(R),TX, 09,N/a,N/a,21.6,89965,88366,TX09
748,Michael McCaul ,(R),TX, 10,Incumbent,Winner,52.5,3856477,3910930,TX10
749,Mike Siegel ,(D),TX, 10,N/a,N/a,45.4,2873926,2829765,TX10
750,August Pfluger ,(R),TX, 11,N/a,Winner,79.7,2578540,1984134,TX11
751,Jon Mark Hogg ,(D),TX, 11,N/a,N/a,18.3,137730,135141,TX11
752,Kay Granger ,(R),TX, 12,Incumbent,Winner,63.7,3161288,3271815,TX12
753,Lisa Welch ,(D),TX, 12,N/a,N/a,33.0,98465,98475,TX12
754,Trey Holcomb ,(L),TX, 12,N/a,N/a,3.3,967,457,TX12
755,Ronny Jackson ,(R),TX, 13,N/a,Winner,79.4,2128271,1741132,TX13
756,Gus Trujillo ,(D),TX, 13,N/a,N/a,18.5,22826,18820,TX13
757,Randy Weber ,(R),TX, 14,Incumbent,Winner,61.6,936202,924659,TX14
758,Adrienne Bell ,(D),TX, 14,N/a,N/a,38.4,244754,240934,TX14
759,Cyrus Sajna ,(I),TX, 14,N/a,N/a,0.0,35096,34942,TX14
760,Michael David Sanchez ,(I),TX, 14,N/a,N/a,0.0,100,12,TX14
761,Vicente Gonzalez ,(D),TX, 15,Incumbent,Winner,50.5,1008381,657500,TX15
762,Monica De La Cruz ,(R),TX, 15,N/a,N/a,47.6,344893,338832,TX15
763,Veronica Escobar ,(D),TX, 16,Incumbent,Winner,64.7,1135549,1087693,TX16
764,Irene Armendariz-Jackson ,(R),TX, 16,N/a,N/a,35.3,168997,153671,TX16
765,Pete Sessions ,(R),TX, 17,N/a,Winner,55.9,1447958,1658637,TX17
766,Rick Kennedy ,(D),TX, 17,N/a,N/a,40.9,200668,202096,TX17
767,Ted Brown ,(L),TX, 17,N/a,N/a,3.2,3041,3041,TX17
768,Sheila Jackson Lee ,(D),TX, 18,Incumbent,Winner,73.3,924480,838414,TX18
769,Wendell Champion ,(R),TX, 18,N/a,N/a,23.5,305645,271278,TX18
770,Jodey Arrington ,(R),TX, 19,Incumbent,Winner,74.8,2497184,1932700,TX19
771,Tom Watson ,(D),TX, 19,N/a,N/a,22.9,49405,60806,TX19
772,Joaquin Castro ,(D),TX, 20,Incumbent,Winner,64.7,674061,686934,TX20
773,Mauro Garza ,(R),TX, 20,N/a,N/a,33.1,263293,240930,TX20
774,Chip Roy ,(R),TX, 21,Incumbent,Winner,52.0,5005639,4679362,TX21
775,Wendy Davis ,(D),TX, 21,N/a,N/a,45.4,10263486,10201874,TX21
776,Michael Felts ,(I),TX, 21,N/a,N/a,0.0,3570,1851,TX21
777,Sri Kulkarni ,(D),TX, 22,N/a,N/a,44.6,5639061,5630098,TX22
778,Troy Nehls ,(R),TX, 22,N/a,Winner,51.5,1806655,1787448,TX22
779,Gina Ortiz Jones ,(D),TX, 23,N/a,N/a,46.6,6755222,6842440,TX23
780,Tony Gonzales ,(R),TX, 23,N/a,Winner,50.5,2797133,2764108,TX23
781,Candace Valenzuela ,(D),TX, 24,N/a,N/a,47.5,4886999,4875031,TX24
782,Beth Van Duyne ,(R),TX, 24,N/a,Winner,48.8,3410852,3342442,TX24
783,Stephen Kuzmich ,(I),TX, 24,N/a,N/a,1.2,175504,201332,TX24
784,Mark Bauer ,(I),TX, 24,N/a,N/a,0.9,26342,26542,TX24
785,Darren Hamilton ,(L),TX, 24,N/a,N/a,1.6,570,212,TX24
786,Roger Williams ,(R),TX, 25,Incumbent,Winner,55.9,2435121,3347267,TX25
787,Julie Oliver ,(D),TX, 25,N/a,N/a,42.1,2190347,2176319,TX25
788,Michael Burgess ,(R),TX, 26,Incumbent,Winner,60.6,1806588,2081391,TX26
789,Carol Iannuzzi ,(D),TX, 26,N/a,N/a,37.3,95937,95937,TX26
790,Michael Cloud ,(R),TX, 27,Incumbent,Winner,63.1,1014427,829748,TX27
791,Ricardo De La Fuente ,(D),TX, 27,N/a,N/a,34.9,312096,312096,TX27
792,Henry Cuellar ,(D),TX, 28,Incumbent,Winner,58.3,2655317,3650848,TX28
793,Sandra Whitten ,(R),TX, 28,N/a,N/a,39.0,24760,27354,TX28
794,Sylvia Garcia ,(D),TX, 29,Incumbent,Winner,71.1,818984,758382,TX29
795,Jaimy Blanco ,(R),TX, 29,N/a,N/a,27.4,4378,0,TX29
796,Eddie Bernice Johnson ,(D),TX, 30,Incumbent,Winner,77.5,589096,494547,TX30
797,Demetrick Pennie ,(R),TX, 30,N/a,N/a,18.4,311109,305446,TX30
798,John Carter ,(R),TX, 31,Incumbent,Winner,53.4,2160187,2214487,TX31
799,Donna Imam ,(D),TX, 31,N/a,N/a,44.3,1035222,1035272,TX31
800,Colin Allred ,(D),TX, 32,Incumbent,Winner,52.0,5667725,5611747,TX32
801,Genevieve Collins ,(R),TX, 32,N/a,N/a,45.9,5923081,5915256,TX32
802,Jason Sigmon ,(I),TX, 32,N/a,N/a,0.7,11791,11651,TX32
803,Marc Veasey ,(D),TX, 33,Incumbent,Winner,66.8,1621929,1613446,TX33
804,Fabian Cordova Vasquez ,(R),TX, 33,N/a,N/a,25.2,36692,25585,TX33
805,Filemon Vela ,(D),TX, 34,Incumbent,Winner,55.4,983026,1024180,TX34
806,Rey Gonzalez ,(R),TX, 34,N/a,N/a,41.8,37118,37446,TX34
807,Lloyd Doggett ,(D),TX, 35,Incumbent,Winner,65.4,1336576,424804,TX35
808,Jennifer Sharon ,(R),TX, 35,N/a,N/a,30.0,19011,14442,TX35
809,Jason Mata ,(I),TX, 35,N/a,N/a,1.9,2632,2632,TX35
810,Brian Babin ,(R),TX, 36,Incumbent,Winner,73.6,1345351,1297185,TX36
811,Brandon Rashad Lewis ,(D),TX, 36,N/a,N/a,24.3,21714,12278,TX36
812,Blake Moore ,(R),UT, 01,N/a,Winner,69.6,844377,816015,UT01
813,Darren Parry ,(D),UT, 01,N/a,N/a,30.5,41218,40904,UT01
814,Chris Stewart ,(R),UT, 02,Incumbent,Winner,59.0,835139,812462,UT02
815,John Kael Weston ,(D),UT, 02,N/a,N/a,36.6,344774,306872,UT02
816,Joe Jarvis ,(3),UT, 02,N/a,N/a,0.0,22989,22989,UT02
817,John Curtis ,(R),UT, 03,Incumbent,Winner,68.8,874311,687265,UT03
818,Devin Thorpe ,(D),UT, 03,N/a,N/a,26.8,191412,190200,UT03
819,Thomas G. McNeill ,(3),UT, 03,N/a,N/a,2.0,5516,5516,UT03
820,Russel Fugal ,(I),UT, 03,N/a,N/a,0.0,393,346,UT03
821,Ben McAdams ,(D),UT, 04,Incumbent,N/a,46.7,5613542,5555591,UT04
822,Burgess Owens ,(R),UT, 04,N/a,Winner,47.7,5129475,5049146,UT04
823,Jonia Broderick ,(3),UT, 04,N/a,N/a,2.1,21394,21265,UT04
824,Peter Welch ,(D),VT, 01,Incumbent,Winner,64.4,847320,865252,VT01
825,Rob Wittman ,(R),VA, 01,Incumbent,Winner,58.5,1969785,2140375,VA01
826,Qasim Rashid ,(D),VA, 01,N/a,N/a,41.7,1559108,1559108,VA01
827,Elaine Luria ,(D),VA, 02,Incumbent,Winner,51.6,6522276,6387474,VA02
828,Scott Taylor ,(R),VA, 02,N/a,N/a,45.8,2452292,2446410,VA02
829,Bobby Scott ,(D),VA, 03,Incumbent,Winner,68.4,873126,832419,VA03
830,John Collick ,(R),VA, 03,N/a,N/a,31.4,167146,165080,VA03
831,Donald McEachin ,(D),VA, 04,Incumbent,Winner,61.6,961412,963788,VA04
832,Leon Benjamin ,(R),VA, 04,N/a,N/a,38.2,545354,523429,VA04
833,Cameron Webb ,(D),VA, 05,N/a,N/a,47.3,5755917,5750924,VA05
834,Bob Good ,(R),VA, 05,N/a,Winner,52.4,1373867,1323530,VA05
835,Ben Cline ,(R),VA, 06,Incumbent,Winner,64.6,892955,672928,VA06
836,Nicholas Betts ,(D),VA, 06,N/a,N/a,35.3,56190,54205,VA06
837,Abigail Spanberger ,(D),VA, 07,Incumbent,Winner,50.8,8387680,7852213,VA07
838,Nick Freitas ,(R),VA, 07,N/a,N/a,49.0,3629431,3600108,VA07
839,Don Beyer ,(D),VA, 08,Incumbent,Winner,75.8,1729482,2071906,VA08
840,Jeff Jordan ,(R),VA, 08,N/a,N/a,24.0,96035,96035,VA08
841,Heerak Christian Kim ,(I),VA, 08,N/a,N/a,0.0,2036,1921,VA08
842,Morgan Griffith ,(R),VA, 09,Incumbent,Winner,94.0,873612,463916,VA09
843,Jennifer Wexton ,(D),VA, 10,Incumbent,Winner,56.5,3855331,1772250,VA10
844,Aliscia Andrews ,(R),VA, 10,N/a,N/a,43.4,1567598,1413145,VA10
845,Gerry Connolly ,(D),VA, 11,Incumbent,Winner,71.4,1998592,1811776,VA11
846,Manga Anantatmula ,(R),VA, 11,N/a,N/a,28.3,282152,268326,VA11
847,Stevan Porter ,(L),VA, 11,N/a,N/a,0.0,533,1316,VA11
848,Suzan DelBene ,(D),WA, 01,Incumbent,Winner,58.6,2182985,1897162,WA01
849,Jeffrey Beeler ,(R),WA, 01,N/a,N/a,41.3,61970,62279,WA01
850,Rick Larsen ,(D),WA, 02,Incumbent,Winner,63.2,1275127,1219489,WA02
851,Tim Hazelo ,(R),WA, 02,N/a,N/a,36.6,49478,49322,WA02
852,Jaime Herrera Beutler ,(R),WA, 03,Incumbent,Winner,56.4,4566383,4540148,WA03
853,Carolyn Long ,(D),WA, 03,N/a,N/a,43.4,4130540,4142685,WA03
854,Dan Newhouse ,(R),WA, 04,Incumbent,Winner,66.3,1173464,991174,WA04
855,Doug McKinley ,(D),WA, 04,N/a,N/a,33.5,57666,54227,WA04
856,Cathy McMorris Rodgers ,(R),WA, 05,Incumbent,Winner,60.9,4349448,3432572,WA05
857,Dave Wilson ,(D),WA, 05,N/a,N/a,38.9,109636,109636,WA05
858,Derek Kilmer ,(D),WA, 06,Incumbent,Winner,59.4,2524026,2531111,WA06
859,Elizabeth Kreiselmaier ,(R),WA, 06,N/a,N/a,40.4,156123,145108,WA06
860,Pramila Jayapal ,(D),WA, 07,Incumbent,Winner,83.0,2630000,1530626,WA07
861,Craig Keller ,(R),WA, 07,N/a,N/a,16.7,2904,3703,WA07
862,Kim Schrier ,(D),WA, 08,Incumbent,Winner,51.7,5422491,3774398,WA08
863,Jesse Jensen ,(R),WA, 08,N/a,N/a,48.1,852396,842269,WA08
864,Adam Smith ,(D),WA, 09,Incumbent,Winner,74.2,1324761,930710,WA09
865,Doug Basler ,(R),WA, 09,N/a,N/a,25.7,22536,18328,WA09
866,Marilyn Strickland ,(D),WA, 10,N/a,Winner,49.6,1812659,1780633,WA10
867,Beth Doglio ,(D),WA, 10,N/a,N/a,35.7,1477678,1477678,WA10
868,David McKinley ,(R),WV, 01,Incumbent,Winner,69.0,1092609,1085864,WV01
869,Natalie Ms. Cline ,(D),WV, 01,N/a,N/a,31.0,81032,81881,WV01
870,Alex Mooney ,(R),WV, 02,Incumbent,Winner,63.1,2155978,864001,WV02
871,Catherine Kunkel ,(D),WV, 02,N/a,N/a,36.9,641567,641567,WV02
872,Carol Miller ,(R),WV, 03,Incumbent,Winner,71.3,869210,720796,WV03
873,Hilary Turner ,(D),WV, 03,N/a,N/a,28.7,99214,98769,WV03
874,Belinda Fox-Spencer ,(I),WV, 03,N/a,N/a,0.0,5207,5207,WV03
875,Bryan Steil ,(R),WI, 01,Incumbent,Winner,59.4,3500849,3151701,WI01
876,Roger Polack ,(D),WI, 01,N/a,N/a,40.7,536228,526431,WI01
877,Mark Pocan ,(D),WI, 02,Incumbent,Winner,69.7,1290582,1014628,WI02
878,Peter Theron ,(R),WI, 02,N/a,N/a,30.3,35753,33977,WI02
879,Ron Kind ,(D),WI, 03,Incumbent,Winner,51.4,2989262,4435403,WI03
880,Derrick Van Orden ,(R),WI, 03,N/a,N/a,48.6,1962443,1948639,WI03
881,Gwen Moore ,(D),WI, 04,Incumbent,Winner,74.7,1183995,1166739,WI04
882,Scott Fitzgerald ,(R),WI, 05,N/a,Winner,60.2,1155721,968406,WI05
883,Tom Palzewicz ,(D),WI, 05,N/a,N/a,39.9,370392,371799,WI05
884,Glenn S Grothman ,(R),WI, 06,Incumbent,Winner,59.3,1815756,1736659,WI06
885,Jessica King ,(D),WI, 06,N/a,N/a,40.7,287753,245788,WI06
886,Tom Tiffany ,(R),WI, 07,Incumbent,Winner,60.8,2637459,2514740,WI07
887,Tricia Zunker ,(D),WI, 07,N/a,N/a,39.2,1261957,1232690,WI07
888,Mike Gallagher ,(R),WI, 08,Incumbent,Winner,64.0,3202905,2841801,WI08
889,Amanda Stuck ,(D),WI, 08,N/a,N/a,36.0,416978,399916,WI08
890,Liz Cheney ,(R),WY, 01,Incumbent,Winner,68.6,3003883,3060167,WY01
891,Lynnette Grey Bull ,(D),WY, 01,N/a,N/a,24.6,134597,132235,WY01
892,Eleanor Holmes Norton ,(D),DC, 00,Incumbent,Winner,86.3,386989,358925,DC00
893,Barbara Washington Franklin ,(I),DC, 00,N/a,N/a,0.0,14070,16530,DC00
894,David Krucoff ,(I),DC, 00,N/a,N/a,1.5,12133,12069,DC00
